Id,CountryId,Description,EndDate,Name,StartDate,CreatedDate,LastModifiedDate
1,173,This is the description for Holiday Ash Wednesday,2023-02-14,Ash Wednesday,2023-02-14,2023-05-02 01:42:39,2023-05-19 21:52:04
2,48,This is the description for Holiday St. Swithuns Day aka St. Swithins,2023-07-15,St.Swithuns Day,2023-07-15,2023-04-20 14:12:58,2023-05-05 19:48:25
3,118,This is the description for Holiday British Summertime,2023-08-28,British Summertime Ends,2023-08-28,2023-05-03 09:06:52,2023-05-14 19:57:59
4,68,This is the description for Holiday St Georges Day,2023-04-23,St Georges Day,2023-04-23,2023-04-22 19:33:31,2023-05-30 22:54:36
5,104,This is the description for Holiday May Day Early May Bank Holiday,2023-05-04,Early May Bank Holiday,2023-05-04,2023-04-28 21:41:52,2023-05-27 14:35:35
6,10,Ahead south stock.,2023-06-21,Main sense drug worker ahead scene option.,2023-05-20,2023-04-29 18:12:42,2023-05-12 03:14:18
7,22,Police defense cultural wrong.,2023-06-27,Wife purpose effort sea.,2023-05-10,2023-05-01 01:06:49,2023-05-21 05:41:33
8,37,Rock eye impact happy expect tonight on entire name along despite number hard.,2023-06-09,Guy unit Republican poor lead treat theory whose myself.,2023-05-19,2023-04-29 14:29:19,2023-05-15 06:56:37
9,88,Kitchen street risk government score spend important main out loss lose knowledge.,2023-06-18,Sure street camera six maintain national.,2023-05-08,2023-04-22 21:15:27,2023-05-16 02:36:07
10,71,Yeah audience hot family mission if take painting put push letter.,2023-06-22,Much writer beat culture part from.,2023-05-29,2023-04-28 20:30:52,2023-05-16 20:46:06
11,89,Enough citizen product own and.,2023-06-13,Future woman.,2023-05-24,2023-04-30 05:07:36,2023-05-31 16:24:34
12,141,Heart house eye organization exist stop first task eat subject teach particular.,2023-06-22,Take mission special.,2023-05-23,2023-04-30 05:54:06,2023-05-22 16:54:35
13,59,Rate management easy experience wife tough.,2023-06-08,Office nation.,2023-05-05,2023-04-28 06:35:14,2023-05-30 02:05:14
14,40,Involve know near sister responsibility response.,2023-06-04,Research magazine single what realize.,2023-05-15,2023-05-02 03:23:24,2023-05-19 13:45:32
15,88,Million south radio few show son may central heart computer carry feeling major song over environment true we.,2023-06-23,Cold society discover economic at stay staff store no.,2023-05-17,2023-04-23 04:50:58,2023-05-22 19:34:35
16,175,Cut mission TV garden question.,2023-06-20,West think political successful admit theory staff door shake increase market.,2023-05-03,2023-04-27 17:39:23,2023-05-28 20:35:41
17,89,Serious sign sister nor figure opportunity.,2023-06-01,But wide occur service house decide issue born include task.,2023-05-17,2023-04-21 10:36:22,2023-05-21 13:44:58
18,82,Security director as here camera push agreement meet song role adult and.,2023-06-24,Third discuss performance office.,2023-05-05,2023-04-26 20:04:29,2023-05-15 12:01:53
19,166,Learn enjoy individual score mission act factor pressure western organization tree.,2023-06-02,School matter.,2023-05-18,2023-04-20 02:58:14,2023-05-24 07:22:03
20,26,Itself fund expert behind thousand street.,2023-06-21,Worker remain also soon.,2023-05-31,2023-04-30 10:04:02,2023-05-29 03:20:10
21,78,Image new military prepare million movie pretty beyond bed.,2023-06-25,Put.,2023-05-09,2023-04-27 16:53:58,2023-05-27 01:56:26
22,73,Summer show as owner sister think.,2023-06-17,Particular blue.,2023-05-05,2023-04-30 12:13:17,2023-05-30 11:02:13
23,10,Tv among maybe pull.,2023-06-20,Visit allow.,2023-05-18,2023-05-03 14:08:53,2023-05-20 01:33:47
24,149,Garden defense million during better feel attention agreement father particularly people picture issue similar hospital.,2023-06-04,Give free.,2023-05-14,2023-04-29 02:37:53,2023-05-20 22:07:52
25,116,All card group seat benefit entire citizen peace nice management.,2023-06-04,Purpose stuff inside fire my person off remember commercial it matter.,2023-05-28,2023-04-23 01:48:33,2023-05-22 02:26:01
26,80,Program respond history now employee group west receive.,2023-06-13,Find.,2023-05-18,2023-04-23 18:08:21,2023-05-11 05:01:24
27,176,Plan who lay end hard anyone girl small region across also pass couple stay wind present put sort first.,2023-06-27,Evening view power argue page pattern.,2023-05-22,2023-04-25 22:08:43,2023-05-13 03:37:16
28,83,Believe performance half fast statement impact example.,2023-06-08,Grow meet view consumer help lawyer truth street single car.,2023-05-25,2023-04-28 19:13:47,2023-05-18 11:11:10
29,100,In participant effect force kind finish production personal special.,2023-06-27,Identify employee everybody before mission teach themselves.,2023-05-15,2023-04-20 20:19:43,2023-05-06 12:02:07
30,178,Seem her in people author check suffer face themselves Congress much similar appear drop.,2023-06-23,Specific city parent.,2023-05-22,2023-04-20 23:59:01,2023-05-09 06:18:15
31,30,Chair can likely.,2023-06-05,Beat.,2023-05-30,2023-04-24 16:27:48,2023-05-10 05:35:39
32,148,Her party role rather son plant last as answer really piece husband heart professor.,2023-06-24,Watch space coach fish again speech sing.,2023-05-18,2023-04-27 15:52:11,2023-05-21 05:02:58
33,148,Set join serious far individual spring report carry hotel loss amount according take personal realize morning new.,2023-06-03,Head response.,2023-05-06,2023-05-01 13:31:51,2023-05-05 16:04:07
34,143,A state people purpose ten south build.,2023-06-14,Seven discussion yes process player away particularly four teacher interest year.,2023-05-28,2023-04-20 14:16:23,2023-05-25 20:06:46
35,168,Music for tend decade customer.,2023-06-13,Most political light evening safe yourself.,2023-05-04,2023-04-21 00:01:48,2023-05-23 10:55:39
36,33,Cold because those dog ok dinner believe across PM hundred himself natural country central.,2023-06-05,Understand within ball break later all idea.,2023-05-20,2023-04-29 07:46:08,2023-05-13 10:06:05
37,10,Production state front article industry important production know.,2023-06-22,Teach plan spend production read your.,2023-05-28,2023-04-26 15:17:50,2023-05-27 08:29:59
38,128,Team environmental growth life will certain whether than ever talk training.,2023-06-22,Open evening next necessary.,2023-05-28,2023-04-20 19:36:21,2023-05-26 21:51:51
39,33,Know since water area all bed human however hand form.,2023-06-05,Organization understand myself cause though when guy though.,2023-05-16,2023-05-01 09:39:52,2023-05-05 15:54:12
40,32,Letter among agree born time conference mind investment our stand city manage audience win baby cultural lay.,2023-06-23,Protect hospital two example available whether alone.,2023-05-09,2023-05-02 09:28:48,2023-05-28 11:54:13
41,152,Population site marriage marriage upon.,2023-06-16,Land more various human brother.,2023-05-15,2023-04-24 14:41:18,2023-05-06 15:22:14
42,164,Recognize fight huge shoulder continue reveal crime east.,2023-06-06,Fact.,2023-05-04,2023-05-02 08:52:39,2023-05-13 15:41:15
43,115,Article performance home role piece college certainly think management picture.,2023-06-08,Source former company decide employee guess south PM expect without move.,2023-05-10,2023-04-21 15:25:50,2023-05-21 06:15:42
44,29,Process home cover where suggest clearly old itself economy.,2023-06-27,Least.,2023-05-25,2023-04-25 16:53:19,2023-05-22 18:50:17
45,35,Back fire reveal present whether behind against machine.,2023-06-13,Control recent baby seem send on happen cell land.,2023-05-14,2023-04-22 01:47:26,2023-05-24 07:17:43
46,129,Book close school red glass no age value though reason significant pass.,2023-06-01,Green ability task animal chance step TV service Democrat.,2023-05-09,2023-04-21 15:39:25,2023-05-18 20:10:51
47,129,Save strategy guess eight rate them.,2023-06-18,Bar early.,2023-05-22,2023-04-25 17:58:27,2023-05-29 13:11:01
48,165,Participant benefit simple level represent great.,2023-06-16,Operation job feeling fine partner.,2023-05-31,2023-04-24 00:18:10,2023-05-07 14:03:27
49,54,Save others behavior them example test interview unit mouth.,2023-06-12,Wind hot laugh stand ever way few thing in throughout education law.,2023-05-09,2023-04-27 01:17:10,2023-05-08 05:54:14
50,134,Rich pass paper put group college star country other news here great front window good.,2023-06-14,Law after.,2023-05-26,2023-04-20 11:54:28,2023-05-27 22:01:55
51,39,Think operation building deep general.,2023-06-21,Really final organization.,2023-05-12,2023-04-25 18:22:03,2023-05-21 14:52:05
52,18,Huge sure five consider inside address live military offer garden week prepare my gun right contain.,2023-06-15,Technology best case agree side attorney firm million.,2023-05-29,2023-04-20 09:41:39,2023-05-08 18:42:25
53,80,Trip manage player start interesting small article in word window study increase.,2023-06-13,Though international affect top identify act traditional near.,2023-05-19,2023-05-01 08:55:41,2023-05-07 10:04:20
54,133,Western time weight everyone reality try show society pretty responsibility hotel.,2023-06-03,Five fast good bring onto per organization politics.,2023-05-05,2023-04-29 22:44:05,2023-05-27 07:30:15
55,106,Among learn onto alone special audience key whether authority either present too there.,2023-06-21,Within decide candidate.,2023-05-19,2023-04-27 19:14:38,2023-05-29 11:21:24
56,43,Professional girl hear nice seven military.,2023-06-13,Something better occur thing beyond.,2023-05-06,2023-04-20 19:25:56,2023-05-20 12:36:03
57,32,Case agency summer make practice choice management.,2023-06-23,Much marriage range evidence two probably.,2023-05-15,2023-04-20 02:23:31,2023-05-14 07:44:08
58,121,Western would enter article figure enjoy people lot.,2023-06-18,Network animal talk.,2023-05-17,2023-04-23 11:43:50,2023-05-06 13:59:05
59,2,Blood fish my responsibility onto recent.,2023-06-13,Resource either day since skin.,2023-05-27,2023-05-02 18:54:50,2023-05-06 16:47:15
60,66,Growth prevent money clear Republican forget sound catch next plant behind outside next late.,2023-06-24,Dark expert system election church carry meet.,2023-05-10,2023-04-21 05:42:33,2023-05-30 10:21:17
61,170,Market item east clear edge including mind government.,2023-06-25,Shoulder choice into.,2023-05-20,2023-04-26 18:38:09,2023-05-28 01:43:00
62,58,Up mission produce need chair investment feeling sit partner board perform difference building black.,2023-06-07,Six should education.,2023-05-09,2023-04-27 20:07:28,2023-05-28 13:57:39
63,36,Him before always use let hit everybody trip sister father class.,2023-06-15,Mention simply easy gas both effect technology house interesting approach full.,2023-05-14,2023-04-26 01:59:28,2023-05-10 19:11:18
64,103,Short relationship appear open affect.,2023-06-13,Control good special between suggest north which.,2023-05-20,2023-04-30 13:44:40,2023-05-19 07:02:23
65,120,Item responsibility tell team.,2023-06-01,May item a or.,2023-05-10,2023-04-24 17:33:42,2023-05-08 21:54:17
66,12,Its drug movement Republican prevent wind like another receive visit.,2023-06-05,Remember energy total strong leave result movie.,2023-05-09,2023-04-21 07:34:45,2023-05-16 10:17:40
67,175,Young maybe agent he analysis less medical actually analysis.,2023-06-24,Contain window prevent amount lose.,2023-05-21,2023-05-02 18:52:25,2023-05-14 17:43:35
68,83,Everyone world collection exist affect too.,2023-06-04,Reality maintain system soon water.,2023-05-09,2023-04-30 22:13:03,2023-05-23 11:31:32
69,92,Cut safe color process on be feeling green indicate federal when bag father notice.,2023-06-14,Professor rest.,2023-05-23,2023-04-29 19:50:21,2023-05-13 22:28:18
70,129,Moment he well chance every me expect single show us staff.,2023-06-28,Authority watch easy admit.,2023-05-27,2023-04-27 09:28:31,2023-05-20 14:29:53
71,143,Thousand teacher sort offer bit quite fall where happen character.,2023-06-15,Dinner.,2023-05-19,2023-04-25 15:56:36,2023-05-21 18:59:53
72,100,First health I walk anyone tough while.,2023-06-25,Receive chance mission method.,2023-05-08,2023-04-23 15:09:54,2023-05-17 00:55:43
73,54,Everyone PM room truth course hear spend style spring realize.,2023-06-19,Early medical activity.,2023-05-22,2023-04-24 14:44:34,2023-05-22 09:43:12
74,141,Information bank what second some thing financial no work month.,2023-06-26,Care happy.,2023-05-23,2023-04-27 15:50:20,2023-05-11 04:33:18
75,122,Nature character remain to nor worker bill policy.,2023-06-23,News lawyer final.,2023-05-31,2023-04-26 21:05:33,2023-05-31 04:27:44
76,171,Past doctor especially notice accept information.,2023-06-13,Our avoid yes material record clearly movie.,2023-05-24,2023-04-22 20:43:41,2023-05-28 22:09:11
77,85,Former fact tough century single daughter real arm shake him what other yard people.,2023-06-23,Leader each medical action.,2023-05-19,2023-04-28 05:11:37,2023-05-26 06:34:35
78,69,Right until suddenly visit myself his because.,2023-06-10,Specific table we PM realize animal join.,2023-05-24,2023-04-23 17:13:24,2023-05-27 03:35:39
79,7,Picture society so money.,2023-06-11,Sort PM product candidate finish magazine debate yard.,2023-05-29,2023-05-02 21:04:29,2023-05-20 13:41:04
80,48,Community analysis parent world sit but happen.,2023-06-18,Society game morning case free call newspaper film less out with focus star.,2023-05-12,2023-04-20 05:59:59,2023-05-16 09:16:17
81,128,Side and often toward sing necessary operation.,2023-06-23,Best reveal stock piece enough during.,2023-05-10,2023-04-29 18:20:39,2023-05-16 21:08:57
82,132,Player play receive again agreement Democrat final minute increase check without care him investment economic including never season.,2023-06-28,Decision else point road serve answer off.,2023-05-10,2023-04-23 09:32:32,2023-05-22 20:51:30
83,101,We ask quickly term decade put.,2023-06-25,Be.,2023-05-08,2023-04-21 03:32:36,2023-05-25 08:06:32
84,181,Walk since that wall order cold former hour page cup truth themselves thus past those process.,2023-06-20,Tell American.,2023-05-13,2023-04-23 20:23:23,2023-05-09 19:38:13
85,79,Major truth approach medical gun budget expert me teacher during consumer generation study impact page.,2023-06-12,Produce foreign expert attorney.,2023-05-09,2023-04-26 14:40:21,2023-05-05 15:46:02
86,144,Coach name single environment development audience behind throughout question already.,2023-06-22,Style answer tax lead treat soon office worker thus office.,2023-05-04,2023-04-20 20:04:32,2023-05-12 12:00:11
87,149,Man unit miss energy Congress great practice.,2023-06-26,School kitchen heart join just account soon.,2023-05-17,2023-05-01 01:22:42,2023-05-29 17:36:43
88,24,First bring people fill information letter eat meeting.,2023-06-20,Technology save later article girl low apply choose three chance.,2023-05-31,2023-05-02 06:58:14,2023-05-12 09:39:30
89,142,Arrive hotel thought knowledge likely number large PM then.,2023-06-05,Ground vote plan.,2023-05-05,2023-04-24 01:47:13,2023-05-30 16:10:06
90,118,Special voice half collection to instead peace.,2023-06-05,Financial company fine.,2023-05-14,2023-04-24 00:03:55,2023-05-05 22:32:16
91,86,Eight deep various service why offer.,2023-06-18,Practice new stop.,2023-05-09,2023-04-25 05:00:12,2023-05-19 12:02:34
92,49,Step save no watch writer down with purpose whose.,2023-06-22,Sister organization only little third watch.,2023-05-20,2023-04-29 17:22:05,2023-05-12 19:37:18
93,50,Leave parent Congress back night thing record.,2023-06-01,Anyone law day attention receive.,2023-05-12,2023-04-24 12:54:28,2023-05-05 16:52:23
94,70,Interest seem next test skill significant kind now behind house for painting partner protect what.,2023-06-17,Lose also population.,2023-05-27,2023-04-28 10:39:16,2023-05-09 05:06:11
95,170,Someone relate too scene I window its sport hundred.,2023-06-27,Season important relate civil be yard these brother.,2023-05-30,2023-04-26 15:33:41,2023-05-28 01:18:48
96,164,Onto game condition local once year claim east.,2023-06-04,Feeling others might early expert one Mrs.,2023-05-27,2023-05-02 05:48:56,2023-05-30 17:52:03
97,96,East participant music type dinner young person.,2023-06-08,Both left significant quality garden worry word.,2023-05-10,2023-04-25 22:39:13,2023-05-20 23:56:16
98,95,Fish school especially treat face moment including card take thousand fear some.,2023-06-27,Shake here.,2023-05-26,2023-05-01 03:57:56,2023-05-13 04:45:00
99,1,Day decide finish agency off wait enough painting probably example throw yet.,2023-06-18,Early collection theory stage certain training position identify every.,2023-05-26,2023-04-30 04:01:33,2023-05-17 02:34:48
100,114,New dinner ahead then threat create suddenly behind institution.,2023-06-20,Occur national wrong give project large any will investment color.,2023-05-14,2023-04-26 17:25:26,2023-05-05 06:40:08
101,179,Watch three benefit way million appear.,2023-06-13,War baby can choose.,2023-05-20,2023-04-22 08:33:12,2023-05-07 04:13:09
102,37,Change ever rule would light career to unit wear attack federal share treat car once idea.,2023-06-15,Nearly eat reality available again ok clearly.,2023-05-24,2023-05-02 16:36:12,2023-05-30 03:13:06
103,163,Serve president money education character model fall open member travel.,2023-06-03,Natural tell analysis serious.,2023-05-19,2023-04-28 10:32:39,2023-05-06 20:29:19
104,49,Clearly technology write sort sister half likely responsibility have glass.,2023-06-26,Board.,2023-05-05,2023-05-03 00:16:45,2023-05-13 14:42:17
105,94,Official could seek beautiful which economy feeling return pretty quickly crime always management.,2023-06-28,Reduce single face very.,2023-05-10,2023-04-29 04:44:05,2023-05-27 07:56:09
106,132,I board effort should approach way information forward.,2023-06-21,Likely could so wrong on.,2023-05-04,2023-05-03 12:33:08,2023-05-05 17:37:50
107,99,Impact charge understand everything each join since easy.,2023-06-01,There couple process group red later night.,2023-05-12,2023-04-27 05:15:10,2023-05-14 12:44:53
108,43,Science any charge garden participant push old specific him however Congress.,2023-06-07,Be must natural else avoid smile.,2023-05-19,2023-04-25 04:33:50,2023-05-04 19:05:42
109,113,Experience window nearly be offer herself anyone.,2023-06-07,Base research large word.,2023-05-21,2023-04-25 04:44:08,2023-05-29 18:38:01
110,150,Lot choose great information eight mother white.,2023-06-05,Produce fly cut north.,2023-05-30,2023-04-29 07:23:42,2023-05-18 14:40:37
111,128,Low common defense fear too off second detail break.,2023-06-11,Old place large.,2023-05-03,2023-05-02 00:55:14,2023-05-27 17:34:44
112,1,Experience wait born almost very apply mother money garden crime.,2023-06-24,Where term.,2023-05-14,2023-05-01 03:07:43,2023-05-19 18:54:23
113,139,No Congress campaign agree whether could local surface girl democratic cold.,2023-06-16,Easy financial level grow let as writer radio produce the.,2023-05-06,2023-04-29 01:10:11,2023-05-23 06:44:57
114,115,White show learn strong she standard television sort business case prevent because authority your house.,2023-06-07,Person.,2023-05-18,2023-04-25 04:34:33,2023-05-05 07:17:26
115,44,Certain PM case music however since western international list return work old.,2023-06-02,Use exactly manage.,2023-05-08,2023-04-30 16:07:42,2023-05-28 20:24:29
116,128,Relationship bed political into too recently.,2023-06-01,Spend while teach.,2023-05-12,2023-05-01 22:57:34,2023-05-18 05:14:01
117,24,Pattern analysis identify western media try factor claim.,2023-06-15,Long heart everything into kid his what forward.,2023-05-23,2023-04-25 13:46:48,2023-05-15 14:50:30
118,131,Election money current college boy spring dog similar.,2023-05-31,Offer because per.,2023-05-06,2023-04-25 01:24:53,2023-05-20 13:52:58
119,122,Peace them first western never next seven lead quite raise professor it especially weight leader notice.,2023-06-28,War section.,2023-05-16,2023-04-27 08:53:54,2023-05-21 09:54:29
120,99,Bring great enough find make.,2023-06-17,Face commercial religious.,2023-05-24,2023-04-29 18:15:13,2023-05-19 10:46:16
121,63,Action woman according as mouth.,2023-06-14,Cut start choice mother kitchen change those southern total Mr sign out.,2023-05-04,2023-04-24 09:30:24,2023-05-31 02:21:31
122,164,Spring cost safe first quickly choose according relate morning position half current fact visit month peace.,2023-06-24,Business require respond new eight man financial training.,2023-05-11,2023-04-20 10:07:05,2023-05-24 16:37:59
123,124,Painting PM course industry.,2023-06-10,Board section arm key character customer cost exist.,2023-05-20,2023-04-26 23:45:37,2023-05-05 04:10:41
124,83,Street appear create surface so wind can.,2023-06-18,Represent wish identify whole billion.,2023-05-18,2023-05-01 21:15:36,2023-05-19 00:22:56
125,175,Necessary bill stand federal performance five avoid upon wall brother level range.,2023-06-02,Very health church across blue physical break save none check.,2023-05-23,2023-04-23 10:28:08,2023-05-10 09:37:18
126,149,International question morning night unit son institution cultural lay.,2023-06-07,System citizen city but morning community once all.,2023-05-30,2023-04-24 04:58:43,2023-05-15 08:39:52
127,51,Sometimes form thing school to for whether force final trade cell tell treatment part there understand paper.,2023-06-18,Crime.,2023-05-30,2023-04-21 01:58:32,2023-05-24 19:30:42
128,156,Among management leg truth vote lay.,2023-06-23,Side nearly.,2023-05-23,2023-04-20 04:48:25,2023-05-18 21:25:32
129,15,Carry bed finally center there among.,2023-06-04,History common.,2023-05-12,2023-04-23 14:07:39,2023-05-19 05:24:53
130,42,Cup stock arrive second black.,2023-06-17,Season system any sister.,2023-05-30,2023-04-23 15:59:30,2023-05-06 14:58:29
131,59,Floor during material arm popular create event.,2023-06-25,Court parent key why will within cultural foreign brother build.,2023-05-05,2023-05-01 18:54:31,2023-05-12 19:21:57
132,37,Blue either these challenge general close season newspaper several.,2023-06-26,Remain every.,2023-05-25,2023-04-30 21:34:09,2023-05-08 17:31:30
133,11,Media notice affect each skill learn moment three.,2023-06-03,Concern city figure occur final.,2023-05-19,2023-04-21 15:07:05,2023-05-23 06:03:15
134,87,Direction small often floor production turn.,2023-06-20,Allow suddenly if information knowledge spring.,2023-05-06,2023-05-01 20:22:15,2023-05-26 00:23:50
135,44,Attack lead necessary hear century environmental under recent successful front.,2023-06-09,Tell could through without girl about open.,2023-05-04,2023-05-01 00:14:26,2023-05-25 09:39:08
136,105,Adult serve control raise rather.,2023-06-09,Country today option.,2023-05-26,2023-04-22 04:47:14,2023-05-31 16:19:59
137,12,Put control help especially right help cell cause must few standard factor draw improve.,2023-06-03,Want state between.,2023-05-18,2023-04-22 14:13:33,2023-05-13 22:47:07
138,3,Prevent later I cell none imagine likely admit why.,2023-06-07,Receive to ok.,2023-05-08,2023-05-01 21:53:09,2023-05-19 17:07:24
139,52,Benefit ability important after.,2023-06-26,Artist.,2023-05-14,2023-05-03 06:48:55,2023-05-06 03:41:32
140,81,Anyone usually exactly he keep remain to production would laugh space name government say.,2023-06-25,Power charge glass good good.,2023-05-28,2023-04-24 11:27:52,2023-05-24 14:26:27
141,33,Impact picture parent century.,2023-06-09,The attorney success tell ten.,2023-05-04,2023-04-25 04:50:31,2023-05-21 19:53:15
142,129,Direction action nor career move start.,2023-06-07,Whatever.,2023-05-14,2023-04-21 01:29:54,2023-05-16 14:55:43
143,39,Exactly a discuss training week yeah side picture model religious fight southern so one.,2023-06-15,Bag herself anyone respond.,2023-05-10,2023-04-28 18:43:09,2023-05-23 20:51:17
144,20,Employee today represent move day near serve indeed truth together available culture for.,2023-06-09,Fight him guess six challenge tough few medical all.,2023-05-19,2023-04-23 04:42:20,2023-05-17 04:36:42
145,175,Peace college control back professional year member step simple talk environmental police reason town style key well.,2023-06-17,Return quality activity herself main push.,2023-05-23,2023-04-25 09:05:43,2023-05-16 02:52:06
146,43,Word letter direction nation nearly physical according receive blue.,2023-06-03,Every.,2023-05-10,2023-04-27 17:12:56,2023-05-20 18:29:22
147,116,Ready because control option contain each tend happy financial loss employee full college particular economic modern.,2023-06-11,Fact bed mission break civil authority.,2023-05-10,2023-04-30 17:45:35,2023-05-29 00:27:06
148,78,Half follow something parent big plant large difficult option.,2023-06-08,Campaign military.,2023-05-08,2023-05-03 06:03:01,2023-05-26 04:33:01
149,31,Compare eight west.,2023-06-26,Security full some everybody position bed available.,2023-05-31,2023-04-27 07:54:39,2023-05-19 04:11:47
150,25,Performance born sense position yes learn all provide analysis.,2023-06-11,Product.,2023-05-10,2023-04-26 00:53:19,2023-05-04 08:37:19
151,126,Plant doctor head science crime feel seem establish.,2023-06-04,Test probably development interview perhaps test.,2023-05-09,2023-04-20 06:50:47,2023-05-25 02:22:02
152,3,Middle lay possible company them executive.,2023-06-07,General action.,2023-05-31,2023-04-25 05:28:31,2023-05-31 02:14:32
153,4,Majority through especially garden present.,2023-06-02,Rise around view yes.,2023-05-10,2023-04-20 20:01:26,2023-05-21 08:17:23
154,95,Picture reveal me can would quality better several never.,2023-06-03,Animal such contain police.,2023-05-21,2023-05-01 13:56:32,2023-05-18 18:17:36
155,108,Particular discover we win her back line family knowledge media edge receive fire trade fish.,2023-06-11,And administration feeling practice.,2023-05-11,2023-05-01 20:34:01,2023-05-24 17:17:23
156,14,Run sure decision industry billion attack strong strong oil window protect admit.,2023-06-08,Prove lawyer knowledge else common above strong boy.,2023-05-08,2023-04-29 16:49:33,2023-05-27 19:21:07
157,113,Offer send there popular also away act police show learn risk police.,2023-06-14,Stock body door relate during small.,2023-05-12,2023-04-27 15:03:24,2023-05-15 00:07:35
158,41,Itself picture everyone.,2023-06-22,Early.,2023-05-10,2023-04-21 17:06:25,2023-05-20 03:16:00
159,73,Prevent day property example seem enjoy financial space term.,2023-06-08,Anything friend.,2023-05-20,2023-04-20 19:29:56,2023-05-19 15:38:42
160,20,Fly single rule top act team could.,2023-06-27,West behavior remember doctor any.,2023-05-14,2023-04-27 15:07:23,2023-05-23 23:39:43
161,96,Film me culture fund letter two degree road now.,2023-06-01,Police.,2023-05-26,2023-04-28 11:15:14,2023-05-30 21:11:46
162,73,Authority reason room light over long special democratic building green special nearly wide wish truth.,2023-06-05,Alone.,2023-05-15,2023-05-01 04:09:42,2023-05-07 06:34:11
163,155,Growth and study account daughter drop head well face seat.,2023-06-24,Amount difficult parent.,2023-05-28,2023-05-01 01:28:05,2023-05-26 18:38:05
164,181,Degree suggest want actually operation type center heart.,2023-06-09,Community at maybe.,2023-05-15,2023-04-20 02:45:26,2023-05-14 14:47:47
165,68,Onto line subject.,2023-06-23,Increase.,2023-05-07,2023-04-29 13:14:27,2023-05-16 23:40:11
166,62,Night evidence rock similar assume vote important across experience start.,2023-06-24,Discussion north range research person office must require nation trouble white establish one.,2023-05-05,2023-05-02 18:22:04,2023-05-19 21:55:00
167,15,School early develop put significant.,2023-06-11,Sense also another.,2023-05-08,2023-04-25 23:05:44,2023-05-08 01:40:14
168,97,Take offer total remain.,2023-06-14,House special official year.,2023-05-18,2023-04-28 15:37:03,2023-05-17 12:51:21
169,5,Team food place and play stage safe of final.,2023-06-23,Modern prevent benefit together simply.,2023-05-09,2023-05-02 19:42:42,2023-05-14 11:12:37
170,140,Hear recent perform fear well go sing.,2023-06-26,Drug particular commercial call ball sense organization morning drop.,2023-05-15,2023-04-21 02:22:02,2023-05-30 10:55:54
171,87,Prove source minute player sing process need set individual.,2023-06-21,Political catch coach increase.,2023-05-22,2023-04-22 04:57:05,2023-05-27 11:14:42
172,122,Agent or your upon.,2023-06-12,Career direction save important environmental young vote sure where support.,2023-05-23,2023-04-23 18:09:13,2023-05-14 18:55:38
173,110,Business movement occur me cost feeling tough tonight left before time serve resource detail stand player identify.,2023-06-21,Low those news she gas right.,2023-05-11,2023-04-26 19:53:14,2023-05-29 11:47:52
174,76,Exist attack court foot lay character yeah order professor.,2023-06-03,Study rule rule red should.,2023-05-05,2023-04-29 15:04:22,2023-05-24 13:42:07
175,17,Bit never establish state choice imagine guy wife off capital specific black wind this hair.,2023-06-06,Gun main week mind teacher could against against chance figure.,2023-05-14,2023-05-02 14:09:55,2023-05-11 12:13:44
176,153,Week reach office fall summer job where he born.,2023-06-21,Surface relationship during us.,2023-05-13,2023-05-01 15:53:13,2023-05-23 01:41:17
177,158,View since court company.,2023-06-23,Author audience.,2023-05-05,2023-05-02 06:16:45,2023-05-07 05:58:16
178,150,Travel do great case in power alone.,2023-06-10,Collection help easy.,2023-05-16,2023-04-22 22:35:45,2023-05-18 20:55:51
179,111,Change modern when policy until pass firm sing every man member raise.,2023-06-20,Affect reason too often improve similar road indicate scene range painting.,2023-05-21,2023-04-30 05:23:06,2023-05-14 23:17:45
180,26,Section include magazine trip miss person base building total yes seat.,2023-06-07,Figure line weight audience member.,2023-05-16,2023-04-28 03:48:56,2023-05-28 08:08:55
181,122,Perhaps decade building even staff room young what number sister might.,2023-06-18,Describe result cultural lay marriage.,2023-05-16,2023-04-30 12:46:53,2023-05-10 06:54:03
182,119,Phone almost probably practice because local.,2023-06-11,Of teach.,2023-05-23,2023-05-02 11:14:48,2023-05-19 03:32:40
183,118,Several style despite.,2023-06-16,War no market western small choice of including eat traditional.,2023-05-27,2023-04-26 04:38:23,2023-05-30 06:44:56
184,84,Religious especially let she foreign culture everything understand life.,2023-05-31,War new lay strong outside above that local religious your recognize.,2023-05-25,2023-04-19 20:27:16,2023-05-26 07:04:48
185,162,Red rise build mouth late.,2023-06-07,Say physical today get contain.,2023-05-10,2023-05-01 22:22:08,2023-05-21 15:28:29
186,105,Clearly less president PM movie forget opportunity huge fact.,2023-06-25,Economy himself over south author including technology whatever natural program actually help provide.,2023-05-17,2023-04-28 12:06:02,2023-05-06 21:54:04
187,161,Beyond firm across win hope teacher generation tend.,2023-05-31,Drop lay whom he now.,2023-05-12,2023-04-24 10:50:52,2023-05-16 11:04:24
188,122,Television summer suffer network within similar wrong.,2023-06-18,Upon individual manager staff last among whether exactly decide.,2023-05-22,2023-04-27 12:54:28,2023-05-24 05:05:22
189,71,While present national become news return how kind wind sound lose hold large identify peace difficult member performance thing reality.,2023-06-01,Focus wall minute know course.,2023-05-24,2023-04-30 11:43:33,2023-05-19 04:52:28
190,32,Entire go those knowledge occur have her.,2023-06-23,Blood strong.,2023-05-24,2023-04-25 00:37:37,2023-05-06 17:36:48
191,14,Serious camera left while couple piece.,2023-06-15,Pass notice single bad somebody parent I argue.,2023-05-07,2023-04-23 01:09:22,2023-05-31 16:11:20
192,72,Nearly everyone second man indeed Mrs hand international sound often one American party his and church.,2023-06-06,Near former your college at her current.,2023-05-12,2023-04-20 14:02:28,2023-05-10 17:10:26
193,153,Position life take whole follow three get.,2023-06-18,Make environment off type choice wife within range already rate.,2023-05-16,2023-04-24 06:58:44,2023-05-15 03:07:48
194,80,Hope responsibility hospital century measure hit current his each.,2023-06-13,Million others.,2023-05-21,2023-05-01 12:29:35,2023-05-29 09:40:58
195,42,Condition society thank human money former top new.,2023-06-01,Tell pull describe best.,2023-05-17,2023-05-01 21:35:27,2023-05-27 07:12:34
196,19,Activity left model want back its.,2023-06-23,Stage poor growth talk learn each relationship go argue.,2023-05-30,2023-04-29 08:37:52,2023-05-18 03:46:39
197,41,Our as sell blood program song life stuff goal ability remember either feel skin action note.,2023-06-13,Test worker argue drug admit within.,2023-05-14,2023-04-29 18:37:58,2023-05-29 12:16:50
198,12,Voice sport base war must enter every development arm.,2023-06-19,Same century myself father field.,2023-05-11,2023-04-26 08:06:44,2023-05-05 13:58:15
199,167,Glass glass effort research summer vote.,2023-06-23,Hotel once product wife that.,2023-05-20,2023-04-21 01:02:03,2023-05-24 01:34:59
200,112,Soon great two room reduce least bit traditional heavy six century.,2023-06-13,Style mouth determine wall all control place.,2023-05-26,2023-04-20 06:29:28,2023-05-28 20:36:49
201,94,Four shake everything something Mrs something.,2023-06-16,Ground recognize follow particularly that then again other reveal.,2023-05-17,2023-04-22 05:03:25,2023-05-20 15:18:55
202,130,Production water fine stock generation approach capital none keep person.,2023-06-21,Knowledge American outside.,2023-05-14,2023-04-20 06:36:47,2023-05-28 08:42:23
203,119,Successful charge even own century worry store laugh.,2023-06-07,Gun article vote second system conference.,2023-05-25,2023-04-22 12:05:08,2023-05-21 07:18:44
204,45,First fast live father cell daughter thing like leg level deep back.,2023-06-17,Shoulder.,2023-05-18,2023-04-30 22:00:58,2023-05-11 01:58:22
205,126,Drug personal process because cover never firm loss entire number meet baby pretty detail industry fly small even.,2023-06-14,North budget item quite month.,2023-05-16,2023-04-28 10:51:35,2023-05-31 09:52:57
206,25,Article everybody sport build customer agree until movie six author billion artist act modern contain.,2023-06-25,Walk return here drive affect man help stuff figure.,2023-05-29,2023-04-20 08:14:14,2023-05-06 05:58:57
207,68,Middle market design black remain do around big pay five seven positive important bring country tree.,2023-06-16,Write investment artist though only.,2023-05-23,2023-05-03 11:05:10,2023-05-23 23:10:25
208,4,Support board in down data author at organization.,2023-06-07,Above push cover skill.,2023-05-15,2023-05-03 15:59:04,2023-05-06 03:04:33
209,36,Hotel guy majority price southern statement almost.,2023-06-22,Pick president street amount although letter.,2023-05-28,2023-05-01 17:00:59,2023-05-06 04:33:40
210,44,Politics material word far effect federal which.,2023-06-01,Operation sell receive.,2023-05-25,2023-04-27 15:37:18,2023-05-26 22:20:40
211,33,Recently those do until bar court tree Republican wrong measure hair painting whose person commercial forward become tell price.,2023-06-22,Guess avoid professor price quality dark matter.,2023-05-16,2023-04-22 17:56:24,2023-05-19 15:53:15
212,12,What student discover eat hear lose plant participant group one.,2023-06-10,Room head employee.,2023-05-20,2023-04-25 16:26:22,2023-05-17 00:42:33
213,105,Name far grow near number hair treat prepare party bar wide.,2023-06-22,Final.,2023-05-04,2023-04-23 20:01:09,2023-05-23 16:39:30
214,139,Hot speak product character we increase vote middle hot walk full.,2023-06-03,Someone buy hour modern population shake great.,2023-05-21,2023-04-20 18:26:57,2023-05-17 12:37:58
215,166,Still agree say college skill throw force hospital rate power store brother sense stage officer develop hope audience nation.,2023-06-26,Serious media.,2023-05-06,2023-04-24 00:03:40,2023-05-26 04:27:54
216,126,Ask national economic everybody local lay level age activity color agreement beyond maintain.,2023-06-15,Image nice oil third compare imagine thousand.,2023-05-12,2023-04-21 06:10:10,2023-05-17 19:07:27
217,157,Trouble later collection next place other.,2023-06-08,Great must traditional special really offer himself black.,2023-05-24,2023-04-22 15:59:02,2023-05-17 12:46:59
218,112,Family reveal part he three.,2023-06-25,Friend avoid old care improve beyond strong change office guy member.,2023-05-17,2023-04-26 10:52:12,2023-05-13 05:20:11
219,3,Office form red Congress current challenge include time south.,2023-06-06,Administration.,2023-05-19,2023-04-21 21:13:31,2023-05-11 06:50:48
220,28,Explain these fund success or risk into beat.,2023-06-27,Each.,2023-05-20,2023-05-01 09:03:34,2023-05-12 09:12:58
221,152,Property week movement easy firm left hair model high adult oil however box war never imagine.,2023-06-17,Century enjoy measure region toward well court apply buy perform full before upon.,2023-05-16,2023-04-30 13:52:34,2023-05-28 07:10:19
222,54,Also bring anything how speech believe table everybody wish author art treatment produce name ask floor benefit particular head campaign.,2023-06-14,Pass produce training.,2023-05-05,2023-04-20 19:35:06,2023-05-07 19:32:25
223,52,Rise executive simply land whose could model six wide feel draw create exactly bring line.,2023-06-10,Close middle another movie possible speak radio purpose.,2023-05-07,2023-04-29 22:42:09,2023-05-04 22:01:21
224,175,Visit include past reveal book phone ball any else enter note civil including explain after real response.,2023-06-12,Throughout season.,2023-05-28,2023-04-23 19:15:49,2023-05-17 14:36:47
225,149,Evening officer management world nor job tend yes watch stand.,2023-06-05,People.,2023-05-30,2023-04-29 04:22:18,2023-05-17 00:51:16
226,30,Accept last kitchen dinner difficult where without ahead concern month environmental.,2023-06-23,Official break safe stay budget indicate at front expert though.,2023-05-05,2023-04-21 08:31:48,2023-05-15 06:26:33
227,68,Mother even modern rather enough tough enough.,2023-06-19,Focus science get particularly military.,2023-05-15,2023-04-27 09:02:35,2023-05-14 22:16:24
228,36,View industry serve late explain relationship resource support education against believe.,2023-06-19,Around respond behind charge kitchen do allow reason fast.,2023-05-15,2023-04-20 05:13:14,2023-05-30 20:06:12
229,40,Movie push save send set already result while student her drug Democrat himself strategy.,2023-06-22,Single finish arrive.,2023-05-07,2023-04-22 05:33:13,2023-05-28 08:35:27
230,138,Inside first section hotel difference.,2023-06-18,Democrat against drug cold very despite ten can special somebody.,2023-05-11,2023-04-21 06:23:43,2023-05-11 20:18:26
231,74,Them method right live.,2023-06-21,Performance for suddenly with certainly.,2023-05-05,2023-04-28 13:48:34,2023-05-18 21:10:54
232,42,Gas threat certain time structure.,2023-06-25,Nor.,2023-05-08,2023-04-30 18:56:29,2023-05-15 20:05:32
233,152,Production account sort serious nice commercial offer nice any.,2023-06-18,Several imagine perform however accept charge.,2023-05-24,2023-04-30 02:30:32,2023-05-07 16:22:46
234,132,Trip cut listen training manager dinner blue teach and soon discussion open pressure however if.,2023-06-26,Road group reach town course particularly product total place.,2023-05-28,2023-04-24 23:26:42,2023-05-06 18:08:43
235,47,Quickly condition window market.,2023-06-20,Interest argue sometimes.,2023-05-26,2023-04-20 19:03:59,2023-05-24 09:58:00
236,179,Fast author trip off condition cut along she prepare.,2023-06-16,Recently.,2023-05-13,2023-05-02 20:20:27,2023-05-06 23:30:20
237,109,Who still production yes understand face go avoid like wish reflect benefit.,2023-06-16,Standard poor upon how.,2023-05-26,2023-04-30 02:55:17,2023-05-23 00:42:06
238,4,Enjoy order us tree identify value writer try life kind long.,2023-06-28,Focus data because item none his.,2023-05-30,2023-04-25 02:30:18,2023-05-20 03:36:23
239,32,Staff poor forward give describe call gun down very.,2023-06-25,Hear air industry source environmental modern that with operation story.,2023-05-25,2023-04-26 16:39:08,2023-05-24 01:19:08
240,10,Into usually tonight require fall there.,2023-06-15,Wall want.,2023-05-06,2023-04-24 01:22:11,2023-05-30 07:26:22
241,139,New speak gun dream drive rise.,2023-06-23,Write.,2023-05-28,2023-05-01 23:57:14,2023-05-11 04:47:24
242,28,Player decade those degree they ground or people bag ready food.,2023-06-08,Month trip kind home old toward team measure various defense foreign.,2023-05-10,2023-04-30 17:56:53,2023-05-31 09:22:39
243,174,Wide however eye floor range happy sure a kitchen occur.,2023-06-22,Perform art scene strong or scene.,2023-05-18,2023-05-02 20:51:22,2023-05-11 00:09:20
244,168,Event maintain improve home point which.,2023-06-21,The yes sort political night approach.,2023-05-16,2023-04-22 18:40:22,2023-05-05 03:30:31
245,62,Though professor central degree nor tonight thousand American respond.,2023-06-27,Stage task artist black.,2023-05-23,2023-04-19 19:41:21,2023-05-30 00:27:18
246,86,Economic should stock conference receive still wife.,2023-06-12,She career change oil.,2023-05-27,2023-04-23 22:23:49,2023-05-19 00:03:28
247,98,No official meeting cultural strategy because watch.,2023-06-21,Of decide share our key old.,2023-05-28,2023-04-21 02:27:37,2023-05-31 01:37:18
248,45,They six easy much five sound there any do.,2023-06-26,Shoulder relationship technology prevent hospital.,2023-05-24,2023-04-22 11:13:58,2023-05-14 09:28:09
249,35,If nothing low run medical will effect week.,2023-06-19,Summer firm it result company society case week force reflect light.,2023-05-23,2023-04-22 01:43:29,2023-05-23 04:22:23
250,163,Large another film week within young world policy cause reflect.,2023-06-05,Later want life view true also change want.,2023-05-09,2023-05-01 04:41:40,2023-05-16 19:55:27
251,89,Decide mention maintain own bad note morning entire task.,2023-06-14,Foot may gun travel million ten.,2023-05-11,2023-05-02 10:01:53,2023-05-16 13:55:05
252,34,Born card trip after age collection.,2023-06-03,Point benefit office beautiful indeed specific.,2023-05-29,2023-04-28 05:13:40,2023-05-14 09:36:26
253,134,With training pattern travel appear material cover.,2023-06-04,Shoulder laugh assume a others.,2023-05-19,2023-04-22 22:55:54,2023-05-19 01:44:54
254,37,Growth seem in picture reality business why guess one push analysis beautiful human the.,2023-06-03,View point store fire lay continue knowledge.,2023-05-20,2023-04-30 05:29:45,2023-05-20 20:47:25
255,1,Rise stuff leader road scene present a anything sometimes expert cut.,2023-06-25,Pay strong physical.,2023-05-26,2023-05-01 23:50:59,2023-05-05 08:48:51
256,35,List plan dinner travel ready owner raise hope heart.,2023-06-10,Interest activity deal.,2023-05-28,2023-04-21 19:39:32,2023-05-14 20:52:05
257,127,Spring then ok all.,2023-06-20,Few suffer amount college writer source heart pick various threat.,2023-05-22,2023-05-02 19:25:00,2023-05-05 21:56:47
258,81,Key early half human know home for.,2023-06-10,Heart office meeting respond capital.,2023-05-07,2023-05-02 20:49:06,2023-05-24 21:57:18
259,137,Radio room argue rate.,2023-06-17,Knowledge last free radio both.,2023-05-20,2023-05-01 04:18:47,2023-05-08 21:16:28
260,130,Close walk late hear agreement environment coach.,2023-06-20,Result turn any eat.,2023-05-24,2023-04-30 04:08:25,2023-05-18 20:45:53
261,113,Building by Mr ability long cut fund.,2023-06-05,Imagine center strong across modern full.,2023-05-28,2023-04-23 00:13:22,2023-05-20 04:39:09
262,36,Involve reflect go offer never most it outside customer fact enjoy.,2023-06-08,Suddenly human idea mother public near grow among worry.,2023-05-10,2023-04-22 08:01:43,2023-05-05 19:24:49
263,121,Remember including TV talk often example research just.,2023-06-26,Enjoy value sing together weight.,2023-05-30,2023-05-01 14:02:13,2023-05-10 21:54:09
264,92,Out themselves main my husband reason.,2023-06-19,East help health hour record entire phone.,2023-05-13,2023-04-24 16:23:49,2023-05-07 16:22:49
265,169,While dark network what serve however month.,2023-06-23,Wife.,2023-05-16,2023-05-02 14:46:16,2023-05-17 15:08:36
266,117,Miss stand yet find church issue or.,2023-06-13,Top account easy need would issue while charge.,2023-05-05,2023-04-22 10:47:01,2023-05-05 19:03:11
267,37,Likely fill heart look way skill remain.,2023-06-10,Either job situation kitchen imagine.,2023-05-13,2023-04-30 00:02:03,2023-05-24 05:58:01
268,177,Upon pay win door themselves foot and whose politics.,2023-06-01,These hundred understand Democrat none.,2023-05-23,2023-04-26 02:02:43,2023-05-11 10:10:22
269,26,Analysis newspaper son than foreign.,2023-06-02,Media cause sound over bank people.,2023-05-27,2023-04-22 17:39:34,2023-05-16 22:25:09
270,68,Reveal million lead then that although onto buy.,2023-06-04,Parent movie member thousand.,2023-05-04,2023-04-21 10:32:44,2023-05-14 10:37:12
271,104,For purpose participant sense recently table.,2023-06-15,Brother fight dream discussion.,2023-05-26,2023-05-02 01:35:43,2023-05-25 16:49:34
272,36,Do let contain upon experience few until medical.,2023-06-10,Energy mean make yourself.,2023-05-16,2023-04-27 08:08:56,2023-05-17 19:41:35
273,115,Add determine stop job character especially degree term within low TV improve body almost.,2023-06-11,Agency degree house really suggest bag decide head whatever prepare.,2023-05-04,2023-04-26 04:31:11,2023-05-21 16:35:53
274,31,Recognize event government clear ever.,2023-06-11,Type edge easy official.,2023-05-28,2023-04-29 07:49:08,2023-05-24 09:15:38
275,30,Key debate science paper there stay painting sister step.,2023-06-11,Board international weight up scene.,2023-05-22,2023-04-28 10:05:01,2023-05-18 21:36:25
276,34,Opportunity carry bill financial.,2023-06-01,Impact once learn those property possible hot new learn my number.,2023-05-19,2023-04-23 04:36:45,2023-05-06 03:14:42
277,147,Church age style black fact up wife practice.,2023-06-10,Strong car.,2023-05-27,2023-05-03 10:37:45,2023-05-10 19:45:47
278,18,Have state almost huge partner.,2023-06-02,Whose then stand space cause.,2023-05-19,2023-04-24 01:03:30,2023-05-13 23:58:25
279,85,Gas fire become woman seem market from by somebody president.,2023-06-08,Line bit whose trouble knowledge hope occur modern picture.,2023-05-31,2023-04-28 10:17:31,2023-05-25 21:28:40
280,3,Until employee son benefit style concern break everything various grow life church center series majority member someone pretty.,2023-06-07,Soldier clear star approach.,2023-05-16,2023-05-02 23:11:30,2023-05-09 16:13:14
281,70,Travel mention team bring great sort international.,2023-06-05,House face make myself research husband enjoy.,2023-05-15,2023-04-26 00:58:45,2023-05-17 21:15:00
282,102,Similar approach house watch size computer ago nor second around still.,2023-06-07,By goal market likely rock score professional.,2023-05-26,2023-04-19 20:12:58,2023-05-26 04:54:10
283,141,Energy general ability democratic girl just notice experience late increase expert member food off check.,2023-06-16,Child growth respond between number western million product key.,2023-05-31,2023-04-29 20:32:20,2023-05-06 14:05:50
284,45,Share edge probably develop store several compare pressure.,2023-06-11,Itself rest off effort population build somebody else subject.,2023-05-18,2023-05-01 14:56:31,2023-05-29 08:27:46
285,118,Pretty owner girl day edge large usually in than or point.,2023-06-21,Others region along.,2023-05-24,2023-05-01 00:42:09,2023-05-13 17:23:35
286,67,Campaign social gun glass room drop lead.,2023-06-21,Explain say seat with audience lay.,2023-05-12,2023-04-23 23:34:39,2023-05-21 11:20:06
287,112,Assume though American which or newspaper.,2023-06-05,School notice edge market.,2023-05-08,2023-04-26 02:54:07,2023-05-15 12:06:38
288,92,Recognize southern information election whether price race popular little.,2023-06-07,Make fine.,2023-05-13,2023-05-01 00:09:38,2023-05-06 21:14:11
289,86,Group stage southern affect sister capital join despite these whom reduce.,2023-06-05,Within front easy.,2023-05-28,2023-04-26 21:00:47,2023-05-24 09:52:57
290,168,Blue study among must serious society expert candidate before plan buy.,2023-06-14,Determine focus impact image instead try.,2023-05-14,2023-04-20 18:16:13,2023-05-14 07:38:22
291,40,Better reveal fish yet would power defense sometimes wife father financial.,2023-06-04,Outside news live little choose measure.,2023-05-15,2023-05-02 05:42:55,2023-05-20 12:31:03
292,151,Compare choice knowledge leader start customer out drug measure policy child later or almost serious world throw reflect.,2023-06-10,Care idea over talk so ready.,2023-05-24,2023-05-01 17:58:02,2023-05-19 14:44:49
293,159,Ten whom sister rich speak responsibility.,2023-06-17,Fine him compare per reality.,2023-05-21,2023-05-02 14:57:11,2023-05-07 18:19:20
294,146,Something ground assume discover reality forward himself young strategy music not study choose know hospital.,2023-06-03,Land.,2023-05-31,2023-04-19 20:57:36,2023-05-13 02:27:04
295,19,Security effect partner huge collection skin point building water believe read spring hope necessary.,2023-06-18,Success culture.,2023-05-26,2023-05-03 06:13:25,2023-05-13 03:43:49
296,93,Bank brother book should debate total simple do thank size.,2023-06-21,Walk citizen.,2023-05-06,2023-04-30 00:11:24,2023-05-08 09:07:35
297,44,Account at position save perhaps truth nearly.,2023-06-10,Spring popular somebody score.,2023-05-21,2023-04-21 01:56:19,2023-05-15 11:09:07
298,84,City pull low return deep source quickly.,2023-06-23,Especially reflect foot data.,2023-05-04,2023-04-25 20:09:35,2023-05-08 18:02:53
299,178,Drive more claim team usually he opportunity with agree dark under total leader.,2023-06-20,Sign pretty occur read.,2023-05-09,2023-04-30 18:58:41,2023-05-05 17:35:50
300,42,Have manager same glass security could pay bad guess.,2023-06-07,Real fire none whose world action member end letter answer.,2023-05-11,2023-04-27 14:17:46,2023-05-26 19:12:32
301,94,Middle ground week weight current.,2023-06-05,Note art day fly item option control difference detail within laugh identify interesting.,2023-05-26,2023-04-29 04:17:56,2023-05-23 02:18:01
302,175,Recent believe PM according oil.,2023-06-28,Put question.,2023-05-22,2023-04-27 14:54:35,2023-05-30 04:47:20
303,150,More local outside believe effect choose people mission discussion feel result affect whose act pay.,2023-06-19,Bad marriage reveal news beyond fine.,2023-05-16,2023-05-02 23:32:30,2023-05-26 04:04:48
304,90,International certain up prevent ago almost and though available rest.,2023-06-08,Conference manager do test modern kind might magazine maybe.,2023-05-24,2023-05-02 08:05:57,2023-05-19 14:32:56
305,74,Market six would often also arm serve middle good improve media.,2023-06-15,Its either carry lead the.,2023-05-22,2023-04-20 15:55:34,2023-05-30 21:01:12
306,29,Scientist Democrat foreign room value two chair house by good arm behind rich.,2023-06-03,War reason allow identify not region whom.,2023-05-15,2023-04-20 01:10:48,2023-05-26 14:27:16
307,106,During well crime answer.,2023-06-09,Tend image before PM professor.,2023-05-13,2023-04-26 02:22:52,2023-05-24 03:58:24
308,129,Safe clear event the data by image its member that couple occur.,2023-06-04,Sometimes develop away.,2023-05-12,2023-04-24 06:12:21,2023-05-18 15:16:58
309,64,Affect third father world admit above around eight reality.,2023-06-27,Few final treat.,2023-05-13,2023-04-30 01:50:10,2023-05-18 02:48:23
310,17,Area sea argue recognize culture team tend career skill be try glass.,2023-06-13,Everything.,2023-05-21,2023-04-23 22:06:23,2023-05-22 10:03:45
311,107,Role break onto apply final owner again focus thought article general skin nature.,2023-06-27,Long summer director risk agree look.,2023-05-24,2023-05-02 12:06:26,2023-05-29 10:10:07
312,165,Offer side from beautiful yard color card player everyone student drop.,2023-06-12,Participant power movie.,2023-05-30,2023-04-26 20:50:55,2023-05-23 03:27:08
313,95,Standard win structure candidate recent together station south such area defense customer grow.,2023-06-11,Number interesting candidate or.,2023-05-13,2023-04-27 09:52:20,2023-05-27 13:12:53
314,25,Develop continue human safe think member similar president.,2023-06-20,Chance me thus me.,2023-05-25,2023-04-21 18:51:49,2023-05-26 17:12:16
315,117,Bed far any impact among American use again phone central business draw will.,2023-06-20,World situation young green least say.,2023-05-16,2023-04-28 05:38:43,2023-05-10 10:44:40
316,52,Indicate section road data change paper list top move institution chair without author friend remember maintain candidate you.,2023-06-10,Later shake bag.,2023-05-28,2023-04-29 22:48:18,2023-05-16 17:17:54
317,137,Responsibility major half determine hair computer push capital day age.,2023-06-25,Expert yes point shake simply relationship.,2023-05-30,2023-04-25 19:43:38,2023-05-13 09:39:45
318,92,Admit enough worker sort industry.,2023-06-25,Nor investment past great activity everything charge wear general so that start up.,2023-05-13,2023-04-23 13:30:40,2023-05-11 10:53:24
319,94,Yard moment speak movie reflect stop cover right road player know.,2023-06-08,Someone cell debate read as.,2023-05-19,2023-04-26 07:32:59,2023-05-07 07:01:40
320,124,Operation agreement response they beat message heart.,2023-06-27,Body fast other.,2023-05-06,2023-05-01 12:05:53,2023-05-05 01:44:10
321,88,Concern arm whose education because plan.,2023-06-10,Total politics pass note political similar another top.,2023-05-14,2023-04-21 11:35:28,2023-05-08 10:50:16
322,161,Source ball low month big visit various after west particular appear degree hope probably.,2023-06-04,Let there.,2023-05-14,2023-04-22 20:25:08,2023-05-24 22:38:56
323,148,Small establish could hundred at.,2023-06-14,Western someone participant.,2023-05-08,2023-04-27 14:18:35,2023-05-12 21:03:43
324,73,North listen ok understand share direction section building name than smile nature.,2023-06-27,Talk however admit over feel despite can major.,2023-05-24,2023-04-30 15:36:19,2023-05-06 22:39:17
325,88,Truth somebody threat building while thing education owner since old government.,2023-06-27,Base rock four ten single day day own.,2023-05-14,2023-04-26 14:11:38,2023-05-30 05:51:28
326,14,Physical with behind.,2023-06-07,Personal support yourself responsibility leave yes.,2023-05-29,2023-04-22 03:51:46,2023-05-22 10:39:29
327,59,Morning medical school adult off agree.,2023-06-07,Though cause sure partner.,2023-05-28,2023-04-27 11:30:10,2023-05-18 06:52:10
328,82,Prepare knowledge training hit.,2023-06-16,She authority development.,2023-05-20,2023-04-22 21:14:11,2023-05-24 22:51:04
329,121,Rest rule pull fish site necessary form where black defense agent choose commercial without marriage which beautiful.,2023-06-17,Challenge through.,2023-05-14,2023-04-25 20:56:29,2023-05-30 02:58:56
330,117,Free operation thus.,2023-06-14,Listen husband must listen commercial cover memory pick.,2023-05-24,2023-05-03 04:04:28,2023-05-15 18:16:20
331,65,Goal issue cell painting task feel might window agent national.,2023-06-09,Throw far young do know throughout capital leg recently.,2023-05-16,2023-04-21 10:04:46,2023-05-08 22:08:28
332,165,Pretty point environment catch past student attack cause tonight prevent area drug carry.,2023-06-17,Risk full until election.,2023-05-26,2023-04-28 05:35:12,2023-05-13 13:46:16
333,26,Style ok card center usually laugh.,2023-06-09,Reason role model stuff see necessary.,2023-05-10,2023-04-21 14:41:50,2023-05-25 01:42:45
334,33,Leg particularly so which whole question share effect cut build sometimes fact trouble friend.,2023-05-31,As follow PM sell from boy fire difficult yeah them notice arrive.,2023-05-20,2023-04-21 12:18:30,2023-05-04 16:55:04
335,171,Source think couple physical from need toward.,2023-06-06,Out drop field sort animal enough.,2023-05-05,2023-04-30 04:15:36,2023-05-20 23:45:36
336,15,Occur voice might write recognize less lose according hair ability simple green address listen maintain machine.,2023-06-10,Bill bad court section unit late brother training magazine to.,2023-05-08,2023-05-03 07:53:00,2023-05-15 15:41:34
337,29,Policy listen control might kitchen when property participant house store current employee put manage number bill money.,2023-06-04,When care player attorney age.,2023-05-31,2023-05-02 23:14:00,2023-05-25 15:30:04
338,21,Single pass much already there local.,2023-06-21,Number message world moment.,2023-05-16,2023-04-28 04:03:57,2023-05-16 03:30:31
339,69,Difficult eat language none home be similar force raise area.,2023-06-15,Option.,2023-05-28,2023-04-20 09:25:48,2023-05-20 13:48:05
340,23,About simple piece factor clearly recently material song clear other.,2023-06-04,Issue work call place side a letter sit.,2023-05-17,2023-04-27 16:52:04,2023-05-26 20:27:19
341,123,These matter seem strong dog image treat information shake.,2023-06-25,Shake summer government since.,2023-05-13,2023-04-22 14:37:27,2023-05-11 11:11:56
342,84,Baby yard center final easy appear bed seven laugh political.,2023-06-27,Place action.,2023-05-09,2023-04-21 07:26:57,2023-05-14 15:26:57
343,136,Foot speech consumer financial success never themselves public wonder society father three single.,2023-06-13,Thousand especially up about through fill anyone.,2023-05-20,2023-04-20 00:54:53,2023-05-09 12:39:48
344,62,It local realize if more tree film message opportunity follow include south box line heart.,2023-06-27,Third traditional professional ask fight force history.,2023-05-09,2023-04-30 10:59:45,2023-05-21 21:37:14
345,142,Beyond always century politics together single forget term.,2023-06-15,No middle stage general film claim apply movie.,2023-05-19,2023-04-30 13:20:39,2023-05-20 08:25:42
346,6,Sport plan side feeling continue.,2023-06-08,Worry manager simple.,2023-05-25,2023-04-24 19:12:30,2023-05-24 06:28:41
347,1,Today report perhaps society area culture the all.,2023-06-01,Reveal great show collection may nice ahead believe over nearly why.,2023-05-15,2023-04-28 01:35:07,2023-05-09 19:53:23
348,137,Choose accept claim director onto cut we remember agency look hand blue news table at.,2023-06-10,White station like.,2023-05-05,2023-04-28 04:39:45,2023-05-09 22:23:59
349,140,Source president position skin reality.,2023-06-12,Man box Democrat drop fall.,2023-05-30,2023-04-30 05:41:30,2023-05-07 19:34:40
350,5,Either someone huge action garden compare.,2023-06-04,Wall store six black break in those college especially project.,2023-05-06,2023-04-26 08:05:16,2023-05-21 15:15:13
351,168,Song measure beat move.,2023-06-23,Process section upon hour group.,2023-05-11,2023-04-26 11:18:52,2023-05-31 15:43:16
352,93,This speak shoulder eat arrive several.,2023-06-17,Even door blood every face nice somebody baby audience.,2023-05-09,2023-04-27 08:56:52,2023-05-12 22:29:32
353,174,Market trouble those will necessary education word respond.,2023-06-18,Various author.,2023-05-07,2023-04-23 19:37:29,2023-05-04 16:06:24
354,27,Life traditional food record door.,2023-06-02,Recent available senior environmental dark leader.,2023-05-05,2023-04-27 12:57:02,2023-05-30 08:41:08
355,75,Kid air the government finish but however design.,2023-06-14,Bit prevent water industry improve.,2023-05-26,2023-05-02 14:20:36,2023-05-03 17:52:38
356,53,Down eight open play garden step involve while pull mouth.,2023-06-12,I end section generation.,2023-05-09,2023-04-22 01:31:10,2023-05-12 04:10:11
357,178,Experience much majority cost consider pass popular responsibility radio eye memory.,2023-06-24,Citizen forward try authority man future.,2023-05-11,2023-05-01 12:42:50,2023-05-29 15:53:57
358,52,Share morning official hard accept strong activity star enter face season.,2023-06-15,Fast environmental whom morning city.,2023-05-06,2023-04-22 22:08:07,2023-05-12 18:11:58
359,106,Miss doctor free and cell family any knowledge cup possible.,2023-06-18,Act between investment set success outside century.,2023-05-19,2023-04-29 04:20:19,2023-05-23 12:49:25
360,19,Culture appear knowledge cold value process bag.,2023-06-10,Deal.,2023-05-28,2023-05-01 00:06:42,2023-05-06 17:05:00
361,118,Way become natural recognize able.,2023-06-04,Like name trouble summer pay game note deal degree defense.,2023-05-14,2023-04-24 18:13:29,2023-05-04 01:57:43
362,35,Card design remain expert understand smile course.,2023-06-04,Usually throw wish.,2023-05-15,2023-04-21 07:39:55,2023-05-19 09:28:16
363,52,Education democratic with share sea never then contain relate attorney final majority mother attention brother quality system.,2023-06-05,He response will card.,2023-05-31,2023-04-27 02:21:08,2023-05-24 21:38:01
364,159,At imagine network long can we degree debate decide before identify detail affect option middle room.,2023-06-07,Small expert tax list magazine me sea talk.,2023-05-23,2023-04-23 22:55:00,2023-05-31 06:35:13
365,59,Include during trial also fast company final season artist still.,2023-06-11,Take meet knowledge.,2023-05-28,2023-04-23 02:44:26,2023-05-15 22:16:22
366,172,Likely organization factor.,2023-06-25,Modern camera here.,2023-05-07,2023-04-28 08:50:23,2023-05-08 10:37:35
367,56,Letter church this lot must inside rule billion back new ability watch six two court.,2023-06-01,Any.,2023-05-22,2023-05-01 15:37:41,2023-05-14 05:10:53
368,19,Remain authority prove draw she economy great go best develop think kid hit yes forward.,2023-06-23,Card central.,2023-05-09,2023-05-02 17:53:47,2023-05-12 21:29:30
369,174,Performance choose officer run do war pretty media factor service often.,2023-06-09,Level sort too hand too could.,2023-05-10,2023-04-22 23:56:43,2023-05-12 11:21:07
370,88,Science attack upon movement dog production behavior trade media food ground science still not.,2023-06-22,Environmental tell trial sort man culture American tree.,2023-05-13,2023-04-29 01:05:46,2023-05-18 14:17:47
371,71,Table study total.,2023-06-24,With concern money event growth before.,2023-05-13,2023-05-02 09:35:42,2023-05-13 07:23:38
372,54,Determine leave happen western lead.,2023-06-13,Least determine wait want all history garden.,2023-05-26,2023-04-20 02:25:39,2023-05-17 16:42:29
373,49,Start reveal add through name capital nation space.,2023-06-28,Method she range like stop yes rich note.,2023-05-11,2023-04-21 11:08:15,2023-05-24 06:24:56
374,95,Describe century during price real without particularly.,2023-06-03,Discuss left appear social green return.,2023-05-22,2023-04-24 15:53:59,2023-05-18 01:49:33
375,60,Say total others sometimes add management Mr since word case statement million.,2023-06-06,Them point contain benefit arm.,2023-05-14,2023-04-22 22:02:14,2023-05-25 00:47:16
376,81,Attorney age trial Mrs discussion yourself everyone woman treatment recognize.,2023-06-10,Over popular different.,2023-05-17,2023-04-24 10:50:42,2023-05-15 04:11:36
377,155,Way believe nation last.,2023-06-06,Style would maybe process impact national either scientist.,2023-05-14,2023-04-30 17:12:51,2023-05-25 19:22:11
378,125,Upon news stop wear.,2023-05-31,Goal especially reach.,2023-05-27,2023-04-20 18:45:17,2023-05-17 05:42:22
379,164,Page carry civil various read decision kid student difference describe.,2023-05-31,Above old opportunity owner past cell watch argue.,2023-05-20,2023-04-20 23:30:16,2023-05-23 18:09:16
380,59,Determine final doctor decide eat.,2023-06-25,Certainly quickly friend nothing reality song when focus beautiful later.,2023-05-20,2023-04-23 06:49:03,2023-05-18 03:20:50
381,178,Such control during several sport without him usually such leave white.,2023-06-13,North until pay form.,2023-05-17,2023-04-20 13:11:12,2023-05-30 10:28:28
382,107,World sense fly level would thus whom.,2023-06-12,Page city build watch remember country.,2023-05-17,2023-04-23 04:46:45,2023-05-19 04:47:24
383,45,Case especially group successful modern sort stuff hear land successful voice hundred both.,2023-06-07,Each a six finish theory.,2023-05-30,2023-04-24 03:37:10,2023-05-08 02:39:48
384,14,Fill best everybody three hit dream high television school exactly white not since develop determine.,2023-06-06,Different figure state actually rule position.,2023-05-16,2023-04-20 07:02:42,2023-05-22 09:16:33
385,122,Develop whatever window our outside to east.,2023-06-14,Everything expect friend human occur.,2023-05-23,2023-04-26 06:47:38,2023-05-20 09:07:16
386,71,Too parent power trial black however.,2023-06-07,President determine themselves future serious.,2023-05-26,2023-05-02 23:02:23,2023-05-06 05:27:44
387,39,Standard find theory hair side both to guy.,2023-06-18,My give.,2023-05-14,2023-04-22 20:41:13,2023-05-05 06:51:58
388,168,Social focus research skin player team phone hold eight employee behavior sense.,2023-06-01,Boy record.,2023-05-31,2023-05-01 00:33:12,2023-05-08 21:12:21
389,137,Score example modern offer education.,2023-06-11,Brother military.,2023-05-05,2023-04-19 21:48:30,2023-05-28 18:52:00
390,14,Bar state subject whom environment method coach everything.,2023-06-25,Gas structure.,2023-05-27,2023-04-25 01:28:51,2023-05-26 09:43:13
391,136,Low fear recognize data commercial difficult them them size white.,2023-06-18,Election reduce of difference put start their contain test professor necessary response.,2023-05-11,2023-04-21 11:29:17,2023-05-06 09:35:21
392,23,Movement lawyer form hit human any employee investment onto month reveal high recent third.,2023-06-07,Score until list their two so thank.,2023-05-28,2023-04-25 21:34:08,2023-05-10 03:10:11
393,80,Spring big skin nation how term subject tonight mouth.,2023-06-20,Air suggest popular.,2023-05-04,2023-04-26 14:37:54,2023-05-04 17:30:42
394,9,Individual drop somebody benefit air Congress front break away.,2023-06-22,Offer experience television go they laugh rate another push wall trouble.,2023-05-04,2023-05-01 00:19:45,2023-05-05 03:22:17
395,7,Behavior water partner strategy entire.,2023-06-17,Support carry group owner.,2023-05-24,2023-05-02 23:05:17,2023-05-06 00:43:38
396,61,Bar morning mention cut chair where hear.,2023-06-09,Assume score control.,2023-05-06,2023-04-29 08:00:14,2023-05-20 13:07:34
397,145,Article night couple learn girl another price study ok six bed forward must around wish thank.,2023-06-24,Teach involve college range ball practice police.,2023-05-21,2023-04-25 19:33:26,2023-05-05 20:56:12
398,57,Apply series southern one car none.,2023-06-11,Discover safe fall recently.,2023-05-26,2023-04-23 04:45:42,2023-05-17 06:43:17
399,115,Those thought recently doctor the according leader statement wear.,2023-06-27,Difficult view take cell kitchen.,2023-05-05,2023-04-29 00:57:15,2023-05-05 20:46:57
400,152,For probably base lead tree film help could off.,2023-06-04,Green later discover.,2023-05-11,2023-04-22 21:38:39,2023-05-14 11:40:30
401,25,Result common but.,2023-06-07,Race successful morning couple.,2023-05-10,2023-04-21 14:36:24,2023-05-04 03:25:35
402,5,Allow policy three fund result letter vote.,2023-06-26,Poor century us lawyer.,2023-05-10,2023-04-19 21:56:49,2023-05-04 19:17:30
403,101,May year edge chance.,2023-06-01,Fish sport fire determine political southern service challenge job girl.,2023-05-08,2023-04-24 01:37:58,2023-05-13 22:06:02
404,50,Evening memory picture difficult even dark speak describe case woman.,2023-06-19,Operation guess.,2023-05-13,2023-04-26 19:41:29,2023-05-14 21:06:02
405,88,Charge sort popular push late prepare operation involve market.,2023-06-27,Concern anyone second develop.,2023-05-04,2023-04-22 22:28:18,2023-05-10 13:37:25
406,31,Major black large similar early card.,2023-06-05,Drop recognize score hot to rather.,2023-05-28,2023-04-24 17:09:04,2023-05-10 12:49:00
407,55,Center central heart available general statement management discover even level old difficult girl do away full long.,2023-06-20,Member growth.,2023-05-12,2023-04-26 06:36:52,2023-05-28 03:11:19
408,154,Always weight cost describe.,2023-06-27,Scientist hospital have friend.,2023-05-14,2023-04-27 01:35:28,2023-05-11 04:52:36
409,21,Case month until carry use quickly cut note travel there personal senior focus according.,2023-06-12,Congress music program either off able woman.,2023-05-27,2023-05-02 00:16:47,2023-05-16 06:20:30
410,98,North country miss first respond stay player.,2023-06-15,Call piece.,2023-05-10,2023-04-23 08:48:09,2023-05-19 18:37:15
411,102,Share physical develop situation traditional report weight bar great change probably on middle law executive serious.,2023-06-20,Part hold seven end board.,2023-05-23,2023-04-27 09:49:33,2023-05-12 21:32:50
412,152,Part focus few soon chair area hard partner concern possible rise rise success near significant.,2023-06-26,Tree morning much film claim close little large oil.,2023-05-17,2023-04-23 20:06:01,2023-05-17 08:19:52
413,156,Film anything according try.,2023-06-09,Charge six raise theory in reveal particularly.,2023-05-19,2023-05-01 03:28:53,2023-05-13 12:54:59
414,30,Effort difference own most as defense public usually statement anyone sort doctor heavy sense newspaper animal see.,2023-06-22,Although respond record continue international anyone new hotel however activity.,2023-05-18,2023-04-24 20:19:19,2023-05-17 19:41:46
415,162,Respond development keep money nature business word president sit design simple operation citizen.,2023-06-19,Performance effect think.,2023-05-23,2023-04-28 06:43:31,2023-05-19 17:38:06
416,116,Join list which well dinner simple gun candidate ok he mouth.,2023-06-22,Between explain less their night art local baby eye according Mr thank.,2023-05-24,2023-04-30 16:20:04,2023-05-12 13:59:56
417,54,Third establish method team act usually improve claim that meeting north follow piece.,2023-06-21,Bad interview occur her response happy.,2023-05-08,2023-04-26 11:14:04,2023-05-18 12:19:04
418,120,Education meet could seek color resource ten piece computer clear.,2023-06-04,Quickly ground past toward hot reason lose standard.,2023-05-09,2023-04-23 23:42:25,2023-05-15 05:49:40
419,180,Bar season special trial southern five majority politics.,2023-06-20,Budget necessary improve.,2023-05-16,2023-04-19 19:37:03,2023-05-13 11:40:12
420,87,As option bar.,2023-06-06,Although put development all tax writer back share technology learn form.,2023-05-07,2023-04-21 14:25:56,2023-05-07 20:14:31
421,8,Spend people near actually sound body low cost dog yes upon him involve feel specific.,2023-06-01,Usually oil.,2023-05-21,2023-04-27 15:39:47,2023-05-27 17:31:45
422,106,Suddenly team number office likely list use million.,2023-06-11,Store many talk conference girl camera.,2023-05-27,2023-04-25 02:36:24,2023-05-06 23:25:33
423,138,Want school certainly father itself and third center thing lead too care more ask.,2023-06-16,Protect significant task image.,2023-05-11,2023-04-27 05:58:13,2023-05-07 05:38:40
424,129,Rise red according shoulder floor each investment his.,2023-06-21,Exist need cost field ask least if.,2023-05-25,2023-04-22 03:10:02,2023-05-15 05:11:12
425,84,Per seven dinner structure hair drug bag kid various executive.,2023-06-09,Increase they so analysis.,2023-05-12,2023-05-02 01:23:06,2023-05-14 19:04:26
426,121,Leader science maintain food industry adult identify prepare thank company.,2023-06-09,Half quickly year interest upon hour power because kitchen admit entire do.,2023-05-04,2023-05-01 15:55:38,2023-05-19 11:22:40
427,165,Attack carry laugh area able.,2023-06-14,Explain guy service remember.,2023-05-10,2023-05-03 05:40:56,2023-05-31 00:22:25
428,149,Standard major sport thing reflect particularly space few need theory church.,2023-06-06,Fly trial it personal.,2023-05-21,2023-04-22 01:24:25,2023-05-11 06:40:26
429,118,Performance individual customer might effort force wide respond program.,2023-06-18,Garden American someone adult mouth house.,2023-05-23,2023-04-21 06:19:51,2023-05-28 09:22:27
430,4,Cut really thank.,2023-06-17,Newspaper lot back none drive down.,2023-05-16,2023-04-21 08:13:16,2023-05-24 15:16:17
431,127,Republican whether difference unit minute bad quality bar himself.,2023-06-24,Something officer simple others clear which compare charge.,2023-05-26,2023-04-22 00:14:16,2023-05-06 13:48:18
432,43,Hour find compare official choice necessary light recent.,2023-06-25,Under professor message hit.,2023-05-18,2023-04-26 16:54:09,2023-05-09 05:30:08
433,66,Similar official occur east president garden movement make.,2023-06-22,Night risk lay sense a.,2023-05-15,2023-04-22 05:50:19,2023-05-21 00:57:42
434,21,Stay responsibility because improve class interest attorney computer lead by opportunity.,2023-06-06,Southern.,2023-05-24,2023-04-23 09:19:46,2023-05-15 07:54:01
435,37,Early adult once degree learn single official.,2023-06-15,Here condition performance coach drop speak item style.,2023-05-28,2023-05-02 04:44:55,2023-05-27 23:43:11
436,69,Beautiful successful their knowledge.,2023-06-03,Where.,2023-05-22,2023-04-27 00:49:22,2023-05-09 01:29:13
437,113,Hundred discuss hotel product thank.,2023-06-24,Task question hit.,2023-05-29,2023-05-02 22:56:45,2023-05-12 22:27:44
438,176,State tell stand again process amount seek everybody hard.,2023-06-25,Idea race participant worker.,2023-05-21,2023-04-21 19:12:31,2023-05-11 18:04:56
439,139,College Democrat young store officer public meet right prove expect live cold tell.,2023-06-10,Break home.,2023-05-06,2023-04-20 18:08:12,2023-05-03 18:43:35
440,105,Course me by explain phone cover voice if.,2023-06-15,Long stop station one weight night authority.,2023-05-06,2023-04-30 06:33:25,2023-05-28 01:17:11
441,92,Commercial west draw federal oil science deal sit suffer few.,2023-06-02,Ten ask event itself newspaper benefit others environment give.,2023-05-22,2023-04-25 19:25:27,2023-05-13 16:17:48
442,44,Special another executive character.,2023-06-03,Chair as.,2023-05-15,2023-04-25 23:24:45,2023-05-20 00:12:04
443,64,Western bar official main investment purpose identify hard.,2023-06-10,Possible type its much investment response.,2023-05-21,2023-04-26 13:48:52,2023-05-16 09:41:09
444,160,Make home red whether vote region power discover.,2023-06-01,Focus particular turn simply town bit.,2023-05-14,2023-04-26 07:31:14,2023-05-29 07:23:12
445,149,Million miss important how sit lot behavior executive image policy who should not.,2023-06-03,Forget provide rather prevent fine.,2023-05-31,2023-04-29 15:37:17,2023-05-18 19:54:38
446,10,Oil later reach bar recognize though program account third everyone despite really simply four political.,2023-06-07,Life significant chair more work cold director feel focus fire.,2023-05-30,2023-04-19 19:01:35,2023-05-22 19:04:09
447,92,Professor cover peace fish.,2023-06-13,Game walk paper attack base politics one rate someone some shake front window role.,2023-05-05,2023-05-03 16:10:04,2023-05-31 03:15:54
448,112,Person upon meeting budget smile.,2023-06-05,Arrive result out involve exist woman.,2023-05-07,2023-04-22 23:56:53,2023-05-20 19:20:42
449,164,This somebody information station by science it most color.,2023-06-25,Develop water down eye.,2023-05-19,2023-04-20 01:17:34,2023-05-26 09:36:49
450,84,Interest animal better low rock lot wall five sister health son work understand.,2023-06-07,Evening the Mrs church.,2023-05-08,2023-05-02 08:39:20,2023-05-12 22:53:47
451,77,Major rather address serve.,2023-06-16,Note.,2023-05-08,2023-05-01 15:17:12,2023-05-05 14:34:53
452,19,East house thank truth sea product source.,2023-06-28,Wear suggest.,2023-05-23,2023-04-29 19:23:20,2023-05-15 13:55:24
453,114,Spring measure successful few hold.,2023-06-09,Remain serious morning series.,2023-05-26,2023-04-22 04:20:30,2023-05-25 15:11:12
454,75,Lose sign hotel candidate order series out easy as.,2023-06-11,Simply certainly stop.,2023-05-14,2023-04-21 11:49:03,2023-05-15 06:22:30
455,172,Past safe sign they PM edge.,2023-06-22,Collection morning history most what skill.,2023-05-18,2023-04-29 08:22:08,2023-05-29 03:57:34
456,132,Several four painting rather toward attention public though yeah administration.,2023-06-09,Skin who data mouth act.,2023-05-13,2023-05-03 00:47:09,2023-05-15 04:09:57
457,141,Our travel soon Democrat food at Mr section quality cup list care with less add.,2023-06-26,Trouble.,2023-05-16,2023-05-01 17:31:27,2023-05-27 20:30:44
458,59,Industry region medical other group nor hit show attention culture wish democratic.,2023-06-01,Sort image reveal somebody.,2023-05-10,2023-05-02 03:01:10,2023-05-13 07:34:17
459,130,Measure Mr woman baby create particular each.,2023-06-08,Consider each three term wife.,2023-05-17,2023-04-27 02:01:47,2023-05-12 02:50:06
460,114,Race audience material section thank financial.,2023-06-09,Land.,2023-05-28,2023-04-21 17:16:33,2023-05-19 23:41:58
461,129,Minute country term financial economic keep.,2023-06-13,Hold throw two may turn brother stage can.,2023-05-03,2023-04-20 21:23:45,2023-05-22 06:34:06
462,40,At employee will perform always add step keep trade character add film every.,2023-06-05,Top letter leave difficult.,2023-05-29,2023-04-20 18:44:58,2023-05-03 17:51:52
463,25,Appear management have these particular order mission girl social fish.,2023-06-01,Enter general.,2023-05-31,2023-04-27 01:49:38,2023-05-19 03:19:20
464,37,Discussion enough kitchen TV be toward.,2023-06-22,Order listen mention create today compare computer.,2023-05-18,2023-04-26 10:39:34,2023-05-26 17:28:24
465,100,Analysis friend push weight base couple.,2023-06-21,While manage some contain medical ok short.,2023-05-24,2023-05-03 03:12:26,2023-05-26 13:56:51
466,70,Teach theory guy help miss police forget sometimes.,2023-06-19,Ability car day interesting.,2023-05-05,2023-04-24 20:32:41,2023-05-27 21:33:38
467,135,Second film plan could.,2023-06-04,Minute receive change military letter both century.,2023-05-21,2023-04-21 13:12:42,2023-05-30 01:53:13
468,4,Drop new response voice shoulder Democrat job.,2023-06-11,Use perhaps they very child door fish away sister difference lose clear adult.,2023-05-04,2023-04-24 02:16:47,2023-05-10 06:31:31
469,122,Create exactly care think executive culture show.,2023-06-12,Himself avoid later argue.,2023-05-19,2023-04-21 00:05:34,2023-05-28 11:35:33
470,169,Offer within party end where lot professional production.,2023-06-18,Husband office situation skill appear.,2023-05-21,2023-05-02 12:29:01,2023-05-17 01:22:23
471,162,Week sound themselves relationship while eat laugh ball officer music part main truth parent.,2023-06-14,Professor who American finish leave nearly miss million.,2023-05-09,2023-04-26 18:54:10,2023-05-07 21:16:20
472,29,Past class to along traditional power challenge around.,2023-06-18,Walk avoid.,2023-05-08,2023-04-19 23:06:33,2023-05-31 15:16:49
473,69,Half hard need all produce rather future six born involve Democrat.,2023-06-21,Professor success camera identify.,2023-05-27,2023-04-26 03:37:49,2023-05-26 01:51:38
474,27,Quality charge feeling people tree task could reality push guess door.,2023-06-11,All clear process increase learn it.,2023-05-30,2023-04-22 08:11:06,2023-05-30 15:49:50
475,110,Fine can if plant parent teacher along among statement hair such seek lot.,2023-06-06,Audience child most surface candidate also.,2023-05-13,2023-04-23 09:34:06,2023-05-05 07:50:59
476,180,Ground break bit.,2023-06-26,Subject financial actually.,2023-05-14,2023-05-02 20:03:39,2023-05-18 19:34:15
477,162,Himself develop reflect whole development home like second field mention.,2023-06-19,Explain day spring throw company religious foreign method fill more.,2023-05-12,2023-04-21 18:38:28,2023-05-08 23:31:49
478,136,Rate million believe light your force operation expert.,2023-06-02,Give candidate expert break area truth surface rich city.,2023-05-09,2023-04-20 00:04:31,2023-05-13 11:39:49
479,126,Lot on president budget political stay.,2023-06-28,Agency improve.,2023-05-19,2023-04-24 23:51:47,2023-05-05 20:15:44
480,95,Give home five around store occur want tonight find call them order tell.,2023-06-22,Pay issue family shoulder machine group kind not west name serious magazine.,2023-05-09,2023-05-02 14:10:24,2023-05-28 23:49:35
481,73,Modern conference woman through dog artist plant president structure close gun during business.,2023-06-02,Charge huge occur few guy size.,2023-05-13,2023-04-21 04:07:26,2023-05-26 01:18:51
482,85,Because chair of happy wind seem career condition.,2023-06-17,Much just important another much war thank conference attention energy reveal like agree.,2023-05-16,2023-04-29 02:01:37,2023-05-21 08:38:05
483,136,Term well arrive child fear Congress week.,2023-06-26,Watch hold century all can go before continue.,2023-05-06,2023-04-26 17:07:28,2023-05-11 03:54:00
484,109,Decade perform oil draw nearly.,2023-06-04,Trial apply window stay late guy star.,2023-05-18,2023-04-22 12:12:48,2023-05-09 09:36:20
485,68,Amount among but actually billion walk million official environmental suggest past carry feel treatment rich.,2023-06-27,Light star also southern tough option.,2023-05-15,2023-05-02 13:11:49,2023-05-16 21:59:01
486,103,Admit clear brother administration.,2023-06-06,Man care writer condition.,2023-05-10,2023-04-23 15:38:25,2023-05-26 01:54:32
487,85,Artist air contain everyone shoulder pass prevent analysis TV successful cell want spring.,2023-06-22,Simply nearly check who add.,2023-05-05,2023-04-26 01:50:41,2023-05-14 08:38:05
488,72,Argue show near writer interesting few for over call name between near forward experience.,2023-06-06,Away all near their near business.,2023-05-05,2023-04-29 04:27:50,2023-05-30 12:06:41
489,84,Hand card food bit significant floor painting dark government toward various case local over.,2023-06-17,Yes lead usually as body forward so.,2023-05-26,2023-04-20 08:37:42,2023-05-21 14:55:03
490,1,Fear pull camera write economic front out stay nothing tell design everybody large him.,2023-06-16,Letter kitchen fire response at guy crime region.,2023-05-17,2023-04-26 20:51:31,2023-05-27 11:39:27
491,134,Threat yes both available too trip water do car address actually.,2023-06-06,Participant sit.,2023-05-08,2023-04-28 07:29:10,2023-05-09 11:56:35
492,92,Successful leave yeah program assume fire enjoy test learn once board.,2023-06-26,Entire modern painting writer agent real.,2023-05-07,2023-05-01 15:01:05,2023-05-04 20:48:28
493,108,Think security listen pattern across whole wish.,2023-06-26,Born information.,2023-05-03,2023-04-24 18:45:55,2023-05-19 08:04:15
494,159,Everything including every whole example second new foot both success argue foreign group baby.,2023-06-11,Turn hold.,2023-05-30,2023-05-03 10:22:09,2023-05-10 19:07:27
495,8,Cell century anyone image letter treatment mother guess mention house.,2023-06-09,Affect first behavior it.,2023-05-20,2023-05-01 03:39:26,2023-05-18 03:17:00
496,150,Church course identify put partner.,2023-06-25,May statement matter shake.,2023-05-23,2023-04-27 11:09:15,2023-05-31 14:46:34
497,137,Among speech relate quality yourself.,2023-06-25,Side rise heavy already continue resource enough.,2023-05-04,2023-04-19 17:42:02,2023-05-19 07:59:11
498,172,Notice arrive establish available seat place big worry per.,2023-06-27,Well group game claim explain onto.,2023-05-28,2023-04-22 14:31:54,2023-05-23 16:23:27
499,47,Group beautiful then pay.,2023-06-10,Worker through pick administration follow expect.,2023-05-17,2023-04-28 13:34:19,2023-05-12 07:46:59
500,1,Laugh team let his series none she series article maybe agency third easy.,2023-06-11,Campaign.,2023-05-22,2023-04-24 05:22:00,2023-05-05 20:11:39
501,105,Audience rich note total feel increase.,2023-06-26,Find day news probably.,2023-05-20,2023-05-02 13:28:15,2023-05-17 02:41:09
502,180,Receive several significant member will human full coach return college care total.,2023-06-25,Nation.,2023-05-30,2023-04-20 11:19:08,2023-05-27 03:18:13
503,39,Help issue response nearly subject look big collection billion field both walk.,2023-06-18,Finish various easy suggest than laugh smile all shake south kind skill.,2023-05-06,2023-04-29 19:49:15,2023-05-20 05:54:55
504,90,Will mother take maybe term stand own PM especially condition why personal.,2023-06-20,Do get I.,2023-05-05,2023-04-21 01:35:20,2023-05-12 00:26:33
505,75,Picture group sister consumer political training just none now.,2023-06-28,Happy surface watch now various experience attorney box.,2023-05-14,2023-04-22 23:41:16,2023-05-14 20:46:34
506,124,Bar need position strong admit eye.,2023-06-22,Somebody out rather wind he.,2023-05-27,2023-05-02 21:38:00,2023-05-09 01:17:27
507,88,Sell look interest too ask project fear protect.,2023-06-18,There name.,2023-05-18,2023-05-03 08:20:46,2023-05-18 06:18:53
508,97,Message during town kitchen spend cultural eat policy probably water similar level ten.,2023-06-16,Water method debate soon compare old and.,2023-05-12,2023-04-25 14:56:57,2023-05-06 14:29:41
509,84,Could seven rest force western voice meet now development a sell.,2023-06-28,Current seek director possible fact sense.,2023-05-25,2023-04-21 03:08:53,2023-05-10 02:25:51
510,27,Movement pay song that stop difficult eat deal she address nature.,2023-06-05,Central send catch population.,2023-05-31,2023-04-25 08:15:35,2023-05-15 04:00:02
511,33,Listen from hand reflect party I note benefit seven full.,2023-06-23,Successful chance along.,2023-05-06,2023-04-23 18:56:21,2023-05-13 23:22:23
512,116,Still system toward ever real responsibility.,2023-06-02,Serious heavy international attention.,2023-05-28,2023-04-28 07:58:14,2023-05-21 03:54:03
513,98,Nation change truth build character couple while why.,2023-06-08,Piece wish eat often purpose.,2023-05-31,2023-04-25 18:57:31,2023-05-23 20:37:36
514,173,Stage tree wife level clear.,2023-06-08,Group use movie.,2023-05-06,2023-04-30 01:15:58,2023-05-16 10:43:46
515,60,Mean score few medical contain.,2023-06-04,Shake employee thing.,2023-05-20,2023-04-23 12:53:15,2023-05-31 00:52:34
516,58,Bring a would best together right stage fall federal.,2023-06-25,Article including ball white early like that development size finally power.,2023-05-27,2023-04-29 08:53:35,2023-05-05 07:26:45
517,179,Structure government from total.,2023-06-12,Central long suffer product.,2023-05-16,2023-05-02 21:29:26,2023-05-10 13:59:48
518,174,Before week much six leader care else employee.,2023-06-02,Same model gas very.,2023-05-23,2023-04-20 04:15:16,2023-05-18 21:26:12
519,133,Feel size sign customer campaign start north arrive cell.,2023-06-11,Maintain couple meet.,2023-05-17,2023-04-21 16:47:01,2023-05-15 00:51:50
520,94,Across reveal suggest marriage increase difference image.,2023-06-22,Lot anyone.,2023-05-21,2023-04-22 23:52:47,2023-05-09 06:23:37
521,92,Require turn prepare information adult billion personal news morning.,2023-06-01,Evening wish institution.,2023-05-24,2023-04-30 21:58:24,2023-05-13 19:18:52
522,146,Forget prevent picture event weight success about.,2023-06-22,Mouth everything whatever.,2023-05-06,2023-04-29 20:33:50,2023-05-09 14:46:04
523,164,Despite then economy safe store dog since as hair affect.,2023-06-09,Expect bank development though space figure game.,2023-05-29,2023-04-21 13:25:45,2023-05-30 13:47:43
524,149,Eat likely onto increase each politics.,2023-06-06,Avoid start each factor benefit.,2023-05-14,2023-05-02 08:58:55,2023-05-21 13:32:59
525,174,Citizen scene modern traditional speak look.,2023-06-16,Song purpose hair cell try authority treat nothing note speech.,2023-05-15,2023-04-27 13:36:47,2023-05-26 23:06:17
526,120,Candidate foreign grow cup choose analysis which management community else hour six walk grow clear high form.,2023-06-25,Make ball small walk bad technology simple picture financial reduce process protect material.,2023-05-18,2023-04-28 17:22:43,2023-05-24 01:04:50
527,165,Ability body give growth purpose tough people maintain hard.,2023-06-14,Country wall price individual require part body bank.,2023-05-15,2023-04-30 14:13:40,2023-05-25 23:39:47
528,106,Leave suffer avoid everything team tend manage measure finally apply main happen turn few professor population.,2023-06-17,Generation new agreement increase building miss get into kind several.,2023-05-15,2023-05-03 05:56:21,2023-05-26 21:19:48
529,5,Stand unit value type win meet of.,2023-06-26,Teach idea.,2023-05-04,2023-04-20 15:48:53,2023-05-19 02:44:12
530,159,Apply raise him sense these evening case project police yes game seven choice behind.,2023-06-12,See nothing candidate.,2023-05-18,2023-04-25 00:53:18,2023-05-21 05:02:16
531,110,Team picture staff require born despite spring rule most second very.,2023-06-12,Show alone involve main election service owner eat owner lose.,2023-05-22,2023-05-01 11:30:22,2023-05-10 22:48:55
532,88,Pattern scene five history across none always window.,2023-06-25,Behavior local scene local magazine daughter rise instead city.,2023-05-16,2023-04-29 22:37:00,2023-05-26 06:32:21
533,164,Recognize shoulder agent seem around hair.,2023-06-18,Nature agent budget especially television near.,2023-05-20,2023-04-30 17:26:49,2023-05-05 03:53:14
534,74,Generation shoulder window military keep range phone.,2023-06-24,Local bill real low know back face couple choose store they suddenly.,2023-05-07,2023-04-20 14:47:56,2023-05-28 14:19:53
535,27,Large suggest inside trouble travel grow again wonder.,2023-06-19,Enough likely site those get scientist.,2023-05-10,2023-04-24 23:44:12,2023-05-17 03:56:18
536,119,Race media never road deep near picture.,2023-06-09,Choice choose grow southern us party.,2023-05-15,2023-04-21 11:34:36,2023-05-30 03:37:53
537,23,Send cup sometimes likely sort indicate similar change.,2023-06-18,Third successful.,2023-05-29,2023-05-02 15:23:28,2023-05-27 00:42:32
538,99,Physical probably onto return arrive.,2023-06-12,Upon student lay particular I action cause site relationship watch.,2023-05-12,2023-04-25 17:41:58,2023-05-06 04:09:55
539,91,Five fast name agreement course.,2023-06-01,This think well what most exist.,2023-05-17,2023-04-30 06:14:24,2023-05-15 06:17:08
540,52,Mouth place up serious forward force never space.,2023-06-20,Prevent watch receive would consider debate.,2023-05-28,2023-05-02 01:37:04,2023-05-15 01:38:47
541,47,Range or mean ground recently threat.,2023-06-16,Operation condition again.,2023-05-17,2023-05-03 02:12:52,2023-05-13 14:18:32
542,62,President least land style music wait newspaper either.,2023-06-18,Professional head yet doctor myself mean.,2023-05-23,2023-05-02 00:48:05,2023-05-20 02:31:08
543,48,Form similar mind a story.,2023-06-17,Blue sport occur just unit.,2023-05-12,2023-04-25 04:37:16,2023-05-16 06:26:32
544,105,Character during check city.,2023-06-18,Large draw.,2023-05-31,2023-04-21 20:52:24,2023-05-08 00:22:14
545,129,Piece even nothing visit at deep week.,2023-06-15,Would.,2023-05-19,2023-04-24 09:47:23,2023-05-26 12:20:00
546,139,Many situation sing person.,2023-06-12,Against well there film why story write environmental.,2023-05-12,2023-04-20 03:04:40,2023-05-16 02:54:28
547,142,Term until difficult walk wife actually interesting open anyone realize structure.,2023-06-20,Hard nature southern determine environment standard force.,2023-05-19,2023-04-23 03:21:00,2023-05-11 13:14:12
548,72,Develop thing together future available early as person.,2023-06-12,Budget provide nearly.,2023-05-18,2023-04-30 22:48:55,2023-05-23 23:03:45
549,95,Media couple effect president discuss agreement develop.,2023-06-11,Meet organization draw work ground never set system their quickly.,2023-05-24,2023-05-02 20:07:14,2023-05-04 09:58:06
550,7,Lawyer close trip officer fall story best be.,2023-06-04,Particularly window add state worry argue.,2023-05-12,2023-05-01 12:41:12,2023-05-18 16:06:59
551,174,Fill I discover card college maybe enough suffer company his executive.,2023-06-02,Buy off behavior again before but.,2023-05-19,2023-04-29 13:03:37,2023-05-26 05:23:02
552,159,Choice he action break authority fish wrong.,2023-06-26,Middle bit career heart hard line.,2023-05-24,2023-04-25 11:52:04,2023-05-19 12:46:35
553,16,Hear writer look worker ability myself expert back rest improve structure.,2023-06-26,Street standard girl deal ahead.,2023-05-31,2023-04-24 21:27:46,2023-05-11 07:45:38
554,170,Probably newspaper sport more along real group might.,2023-06-05,Worker.,2023-05-15,2023-05-02 18:20:06,2023-05-14 20:45:46
555,167,History TV information discuss pressure discover rate.,2023-06-19,Pay air production dark explain.,2023-05-28,2023-05-01 13:28:25,2023-05-26 22:36:01
556,54,Suddenly condition trouble field while theory amount there drop work look term public learn teach.,2023-06-23,Evidence story.,2023-05-15,2023-05-03 10:48:21,2023-05-27 01:37:45
557,172,In day among upon leader sometimes financial water experience woman outside shake source.,2023-06-22,Cold blue low this character.,2023-05-20,2023-05-03 05:38:01,2023-05-07 23:15:43
558,83,Future either somebody cell mission break take far structure guy.,2023-06-25,Leave town word everybody law woman structure benefit impact.,2023-05-31,2023-04-24 15:58:52,2023-05-12 22:11:45
559,136,Upon economic sense this industry manage we.,2023-06-01,Wide the hear view deep check into.,2023-05-16,2023-04-28 16:59:37,2023-05-19 13:30:54
560,66,Century evening only camera hospital feel over various which.,2023-06-19,Movement community project somebody.,2023-05-08,2023-04-24 16:35:05,2023-05-06 05:35:37
561,170,Daughter concern threat fill.,2023-06-07,Dog maintain leader also star who.,2023-05-29,2023-05-01 01:27:03,2023-05-30 14:59:53
562,67,By skin can light soldier nice.,2023-06-28,Consumer business state.,2023-05-13,2023-04-20 20:34:14,2023-05-18 04:50:00
563,115,Thus respond child Democrat economic assume many student today draw authority later month worker.,2023-06-07,After defense main cause professional can rather.,2023-05-13,2023-04-28 04:02:49,2023-05-14 05:35:13
564,93,Contain line us woman various live surface operation realize nothing although large able case maybe investment similar debate.,2023-06-16,State what.,2023-05-11,2023-04-30 06:26:51,2023-05-24 07:08:27
565,79,Room join turn under build.,2023-06-08,Than design management back somebody operation think politics region anything.,2023-05-22,2023-05-03 06:17:20,2023-05-07 20:59:04
566,101,His well physical well half Democrat rich team easy best itself Congress tonight.,2023-06-23,Debate resource still knowledge recognize second student.,2023-05-16,2023-04-30 18:55:22,2023-05-26 08:38:35
567,160,Necessary event idea actually stock end whether power watch population large four those third.,2023-06-18,Word add program major cause believe rise fine.,2023-05-30,2023-04-30 22:13:39,2023-05-05 07:56:16
568,179,Think computer set civil daughter rise toward learn impact control quality point.,2023-06-13,According no particularly fire big total choice form first.,2023-05-11,2023-05-02 10:22:53,2023-05-09 08:59:08
569,175,Bill moment let change history but easy resource natural.,2023-06-19,Design well process could across believe find similar.,2023-05-30,2023-04-21 10:04:49,2023-05-09 22:14:37
570,94,Her tree audience action name product somebody evidence produce through rock share.,2023-06-19,Perform cell loss become evidence training.,2023-05-26,2023-05-01 19:35:58,2023-05-26 11:42:29
571,115,Explain baby campaign front cost tough seven factor assume.,2023-06-14,Word body marriage point argue recognize fact cut eight language be.,2023-05-15,2023-04-28 14:05:46,2023-05-26 05:22:42
572,162,Detail control evidence.,2023-06-13,Wall allow new.,2023-05-10,2023-04-25 06:53:25,2023-05-04 08:44:47
573,13,Herself now cup their memory present fight only animal.,2023-06-27,House attention organization address animal race claim pick.,2023-05-19,2023-05-03 05:10:08,2023-05-20 22:47:16
574,81,Heavy reflect middle hundred ok available organization yeah two course value past last.,2023-06-23,Item quickly industry record interesting see player true anyone interesting.,2023-05-31,2023-05-03 06:33:22,2023-05-15 00:28:26
575,67,West success blue true now foreign everyone address game rest watch seat indeed.,2023-06-24,Red TV concern baby ability pressure feel treatment.,2023-05-04,2023-04-28 02:46:18,2023-05-25 09:52:28
576,126,Common subject strategy identify those first cell soon rich much answer wide imagine.,2023-06-08,Mind many executive environment shoulder.,2023-05-18,2023-04-24 00:04:14,2023-05-07 19:43:06
577,139,War report wall draw meet year firm body.,2023-06-08,His design improve character choice serious now pick get.,2023-05-26,2023-04-20 19:07:09,2023-05-25 08:23:22
578,113,Less middle share health pick.,2023-06-08,Family.,2023-05-21,2023-04-21 09:01:05,2023-05-26 14:23:27
579,156,Set interesting either address state picture suddenly trial bit.,2023-06-28,Team already challenge nothing blood teacher son society dream along card perform.,2023-05-19,2023-04-29 06:19:18,2023-05-28 21:36:38
580,121,Politics open painting if before my according six between fish once environmental never environmental indeed address.,2023-06-26,Provide.,2023-05-10,2023-04-28 13:55:52,2023-05-29 01:03:19
581,66,Affect involve anything water authority modern sort left open those do.,2023-06-22,Unit manager surface coach.,2023-05-12,2023-04-30 19:44:10,2023-05-22 23:20:15
582,89,Finish me onto happy life.,2023-06-24,Red out population reality why water.,2023-05-10,2023-04-21 23:09:49,2023-05-15 22:56:03
583,35,Culture result perhaps long address.,2023-06-18,War unit the.,2023-05-19,2023-04-25 19:02:44,2023-05-03 22:51:39
584,4,Close until leave future anyone.,2023-06-13,Admit other American nearly.,2023-05-25,2023-04-30 03:35:49,2023-05-25 14:01:17
585,166,Leave state son result into movie travel stuff.,2023-06-07,Something difference born investment under total throughout.,2023-05-29,2023-04-26 10:22:51,2023-05-04 04:42:34
586,172,Activity offer seat.,2023-06-21,Million between know best.,2023-05-24,2023-04-25 11:15:53,2023-05-13 13:59:52
587,89,Teacher he certain finish design popular.,2023-06-21,Small.,2023-05-05,2023-04-22 16:32:22,2023-05-23 02:44:11
588,71,Range rich gas current bit.,2023-06-08,Again cold.,2023-05-19,2023-04-20 00:34:30,2023-05-06 14:32:58
589,149,Bed quite car sing nearly for force address building unit study body throw fire service space six modern.,2023-06-15,Chance admit hit beat consider note.,2023-05-28,2023-05-02 19:37:40,2023-05-15 03:10:44
590,135,Vote recently party hospital parent.,2023-06-25,Want watch people company sport single.,2023-05-14,2023-05-01 04:57:22,2023-05-09 09:48:16
591,29,Rest every institution poor kitchen body.,2023-06-16,Stage particular improve show road attorney seven animal.,2023-05-05,2023-04-20 17:33:23,2023-05-20 03:08:41
592,116,Leave seem recent.,2023-06-05,Lead view attorney.,2023-05-09,2023-04-23 03:33:05,2023-05-26 05:29:06
593,135,Unit member for its you major glass thousand style.,2023-06-24,Television team senior small assume general behind school.,2023-05-06,2023-04-21 02:13:02,2023-05-09 21:51:51
594,67,Husband next TV article enter attention science our scientist Congress personal especially north defense concern way hair born go.,2023-06-03,Make beautiful.,2023-05-05,2023-04-30 00:22:19,2023-05-12 22:23:37
595,93,Let use wind where.,2023-06-15,Do evening imagine student well.,2023-05-22,2023-04-30 21:25:18,2023-05-15 10:05:08
596,103,Of who mind beautiful hospital write way arrive I race help age.,2023-06-15,Far home anything thing event.,2023-05-29,2023-04-25 12:34:10,2023-05-27 03:21:17
597,102,Over music trip against federal model because like party ask method then standard world.,2023-06-21,Either message expect nearly work data business specific success understand relate public.,2023-05-29,2023-04-25 13:00:59,2023-05-26 08:32:16
598,124,Also three population return former.,2023-06-22,Speech appear with full boy authority whose partner take.,2023-05-21,2023-04-30 14:01:47,2023-05-10 02:35:37
599,110,Others always for teach though effect idea manage state laugh lawyer poor career.,2023-06-06,Score seek carry television animal.,2023-05-28,2023-04-26 11:12:05,2023-05-22 21:47:23
600,74,Detail bad type interesting difficult election way term grow.,2023-06-25,Water night write rule many rate order.,2023-05-09,2023-04-23 20:11:36,2023-05-07 21:29:50
601,101,Significant hot choice door the quality item there eye during happy thus.,2023-06-01,Hospital move agency from arrive.,2023-05-24,2023-04-22 21:46:54,2023-05-30 04:56:16
602,78,Economic talk decide live Mrs generation help list fall against run health or scene civil leader piece image.,2023-06-17,Good expert Democrat piece factor analysis probably TV.,2023-05-07,2023-04-19 17:22:33,2023-05-18 18:53:47
603,150,Market some into deal institution tell century probably something her mention give baby available.,2023-06-17,Evening cup everyone Congress.,2023-05-04,2023-04-21 13:23:40,2023-05-12 13:48:14
604,160,Art question great clearly return bit wear truth.,2023-06-22,None stage yeah scene.,2023-05-05,2023-04-29 08:09:56,2023-05-04 05:10:21
605,82,Every pretty best until but certainly.,2023-06-24,Grow include dinner stuff.,2023-05-29,2023-04-24 04:53:24,2023-05-09 19:38:11
606,36,International scientist dog.,2023-06-08,Decide him miss main marriage gun leg.,2023-05-16,2023-04-20 16:48:56,2023-05-27 22:44:16
607,137,Treatment she involve factor size task.,2023-06-24,Process change goal cost sister want might home report cultural.,2023-05-15,2023-04-24 04:03:45,2023-05-13 04:52:45
608,26,Black program call natural relate bar nothing.,2023-06-22,Raise development sort PM fund TV.,2023-05-17,2023-04-23 17:34:27,2023-05-07 07:52:21
609,22,Wife this tax behind too win born test describe.,2023-06-22,With.,2023-05-25,2023-05-02 09:58:08,2023-05-21 17:15:41
610,174,Medical talk important treatment maybe now interest expect new.,2023-06-15,Member us artist several develop public wide son summer cost.,2023-05-26,2023-04-23 00:21:10,2023-05-25 18:26:08
611,145,Thing traditional building physical.,2023-06-21,Fact house.,2023-05-12,2023-04-29 15:25:47,2023-05-09 15:36:41
612,154,Up market when pass will.,2023-06-05,Teacher song.,2023-05-26,2023-05-01 23:06:13,2023-05-12 18:25:37
613,120,Keep church positive visit pressure mouth population or will father lawyer state.,2023-06-18,Truth middle watch especially.,2023-05-22,2023-04-21 20:30:53,2023-05-19 03:05:45
614,166,Beautiful traditional bank meet choose.,2023-06-15,Nothing total election unit usually.,2023-05-24,2023-05-01 13:34:04,2023-05-09 12:49:08
615,128,Minute authority responsibility gas school this.,2023-06-12,Interview member war value enter whose red.,2023-05-27,2023-04-25 13:03:36,2023-05-08 15:32:17
616,130,Page manager hair spring ten large course method.,2023-06-15,Wait soldier kid person people start.,2023-05-25,2023-05-03 15:57:14,2023-05-29 06:24:55
617,134,Table hear campaign seem.,2023-06-18,Make protect.,2023-05-23,2023-04-23 02:31:24,2023-05-12 22:43:52
618,141,Check doctor read huge energy nice similar imagine.,2023-06-17,Avoid opportunity travel speak decide.,2023-05-06,2023-04-23 02:51:40,2023-05-30 16:32:51
619,91,Network even eight child feeling include two politics eat fight author stock role service result market through edge else.,2023-06-01,Stage work relate modern order stage walk prevent blue four.,2023-05-29,2023-04-23 11:21:45,2023-05-29 14:23:55
620,75,Dark author bag wall west wide item inside.,2023-06-24,Another work agreement drive seem from know page.,2023-05-22,2023-04-24 18:12:01,2023-05-11 17:05:47
621,79,Kind pass fear wide scientist try cut money amount box within government member chance fill.,2023-06-05,Face half boy over.,2023-05-08,2023-04-29 13:58:15,2023-05-10 13:15:29
622,63,Decision student medical too next north part science operation their positive catch various response produce.,2023-06-28,Forget church reach just.,2023-05-09,2023-05-02 19:50:57,2023-05-04 02:18:05
623,73,Fund benefit view behavior policy water film court.,2023-06-17,Interesting safe meeting late listen skin democratic open help.,2023-05-05,2023-05-01 21:28:11,2023-05-06 04:47:08
624,46,Admit subject hair without show.,2023-06-04,Scene friend test early how owner talk.,2023-05-05,2023-04-22 16:29:14,2023-05-25 12:07:28
625,134,His relate forward shoulder left eat move couple guess five class foreign whom attention thing catch wind.,2023-06-14,Cause will business town.,2023-05-10,2023-04-22 01:46:44,2023-05-16 18:00:43
626,48,White around people owner end walk chance turn choice.,2023-06-25,Though opportunity letter herself.,2023-05-15,2023-04-28 10:04:33,2023-05-13 18:45:07
627,171,Value cultural bank picture rich nation open later pressure rule product phone.,2023-06-17,But institution young begin first remain short to relate these cold soon million.,2023-05-05,2023-04-25 04:51:10,2023-05-19 05:24:36
628,139,Now friend Mr draw decision example.,2023-06-11,Direction of guy hair agreement region then away.,2023-05-15,2023-04-22 18:10:44,2023-05-20 12:10:01
629,58,Throw imagine time show time hot effect society focus idea defense picture candidate section.,2023-06-07,Real available subject woman their write reveal her.,2023-05-07,2023-05-02 17:35:00,2023-05-14 11:19:20
630,90,Why message out century onto more owner short wear current tax director clearly individual worker development election five.,2023-06-05,Agreement push make.,2023-05-06,2023-04-26 08:42:25,2023-05-09 16:27:48
631,132,Near Republican population challenge building charge receive factor behind break have memory prepare.,2023-06-10,Blue speech democratic include need east help.,2023-05-28,2023-04-20 23:26:26,2023-05-09 16:14:04
632,126,Buy blue option some do.,2023-06-01,Back kid improve continue.,2023-05-05,2023-04-27 08:33:03,2023-05-16 10:56:37
633,83,Never every budget bag seat boy.,2023-06-01,Knowledge rich sing Mr ability trade dinner so.,2023-05-07,2023-04-20 14:58:03,2023-05-05 14:36:53
634,133,Past yeah feeling item happen test turn adult enjoy approach federal determine.,2023-06-12,Thousand particular local interview after administration.,2023-05-05,2023-04-19 21:10:25,2023-05-16 05:11:33
635,18,Now air put.,2023-06-04,Into population indicate near question.,2023-05-31,2023-05-03 05:06:11,2023-05-13 17:37:47
636,95,Scientist itself letter group debate thus article material.,2023-06-07,Whom war size.,2023-05-29,2023-04-23 16:59:59,2023-05-14 15:36:18
637,153,Find clearly southern series white account scientist forget another alone senior six decide property.,2023-06-13,Enjoy culture type.,2023-05-18,2023-04-25 17:24:06,2023-05-17 23:38:01
638,132,Interesting suffer police amount actually stay.,2023-06-24,Kind.,2023-05-25,2023-04-24 02:02:19,2023-05-07 07:50:23
639,70,Particularly never skin benefit since appear concern kind avoid catch effect if ball girl.,2023-06-09,Relationship situation your myself vote.,2023-05-09,2023-05-03 09:32:50,2023-05-21 05:13:29
640,169,From teach hour claim.,2023-06-22,Spring third travel perform several fine listen take grow real many.,2023-05-05,2023-04-27 17:18:00,2023-05-27 05:57:46
641,165,Southern paper trouble rich city ask notice.,2023-06-27,Over really third actually traditional believe.,2023-05-18,2023-04-26 02:21:33,2023-05-03 19:46:12
642,59,Our such mouth represent speech.,2023-06-22,Catch reach us describe.,2023-05-11,2023-04-26 18:02:45,2023-05-23 21:39:21
643,178,Century everybody with current soldier develop later you wear daughter put.,2023-06-15,Arm.,2023-05-04,2023-04-26 14:38:21,2023-05-11 13:58:15
644,153,Magazine seven next no authority everything.,2023-06-17,Hotel challenge example respond site company maybe.,2023-05-18,2023-04-30 22:52:47,2023-05-24 02:47:20
645,162,Few happy federal buy long from suggest sea like system.,2023-06-01,West specific cultural administration way ever.,2023-05-07,2023-04-21 13:35:52,2023-05-11 04:44:31
646,147,Them skin describe radio half people teacher budget partner wonder day everyone.,2023-06-01,News forward off sign.,2023-05-22,2023-04-30 07:23:01,2023-05-18 19:43:50
647,98,Material century establish Mr head such natural.,2023-06-08,Treat huge vote task everyone three.,2023-05-06,2023-04-22 12:30:33,2023-05-14 14:39:46
648,136,Truth agreement eight democratic start us.,2023-06-17,Charge bit serious although.,2023-05-26,2023-04-25 23:24:25,2023-05-19 13:29:37
649,47,Mention leave true near star happy consider bad sort.,2023-06-19,Alone security ask continue.,2023-05-12,2023-05-02 18:09:57,2023-05-22 01:15:36
650,128,Process time third itself task will himself right board.,2023-06-22,Life low lot I service including close cold peace often.,2023-05-31,2023-04-21 07:53:25,2023-05-28 06:58:51
651,162,Least summer more from southern black cause best language.,2023-06-05,Western new itself relationship.,2023-05-15,2023-04-28 11:33:24,2023-05-23 15:22:43
652,82,Report develop small with.,2023-06-11,Station only let.,2023-05-06,2023-05-03 12:05:39,2023-05-20 22:13:03
653,158,Find enjoy fact bring these beautiful method likely painting onto author ok.,2023-06-23,Whose food enough.,2023-05-11,2023-04-21 12:44:46,2023-05-18 14:42:59
654,13,About ball outside former thought at stop research why right full ten send benefit high under.,2023-06-23,Area subject two where possible discuss game.,2023-05-23,2023-04-28 07:52:21,2023-05-17 16:00:20
655,119,Investment stop product claim chance feel some structure.,2023-06-18,Consumer hot what.,2023-05-04,2023-05-01 02:16:11,2023-05-16 00:12:46
656,47,Not especially commercial others article special big middle.,2023-06-28,Suddenly clear response old girl major five stage these mention trade.,2023-05-20,2023-04-27 01:21:50,2023-05-25 12:21:37
657,119,Radio live offer truth finish up home process her we site.,2023-06-14,Production daughter behavior eye center rather price white reduce political begin camera.,2023-05-28,2023-04-27 21:42:47,2023-05-15 11:13:38
658,33,Star tax city can.,2023-06-10,Phone rise discover technology pretty population management up.,2023-05-20,2023-04-21 04:51:13,2023-05-30 02:54:30
659,35,Sell herself start top loss leg soldier operation name actually population pressure church.,2023-06-15,Performance soon until them article age.,2023-05-18,2023-04-21 11:47:04,2023-05-20 04:15:18
660,116,Finish minute audience happen see help sense join bar language officer put nearly dark kitchen because.,2023-06-10,Need soldier suggest leg control describe issue law whose benefit.,2023-05-12,2023-04-24 23:49:16,2023-05-25 06:02:46
661,88,Hour return do vote me provide interest fire.,2023-06-05,Memory crime.,2023-05-07,2023-04-30 17:59:36,2023-05-08 16:00:30
662,125,Station issue school outside interest although future do grow.,2023-06-18,Describe run consider north officer must right.,2023-05-17,2023-04-25 01:19:05,2023-05-09 20:01:32
663,154,Nature everyone end baby animal think ahead end challenge do air step here.,2023-06-22,Dinner discover meeting surface wear.,2023-05-18,2023-04-22 13:16:23,2023-05-13 11:20:14
664,175,Through local popular season page smile our.,2023-06-08,Foreign church instead huge mother fish kid.,2023-05-07,2023-04-22 19:42:25,2023-05-24 08:26:00
665,108,Deep one accept change number.,2023-06-22,Guess attorney street hear case world.,2023-05-05,2023-04-29 23:48:20,2023-05-22 22:46:05
666,53,Or officer throughout rock he economy number specific western voice nor and vote city above knowledge.,2023-06-18,History board relationship key.,2023-05-08,2023-04-25 15:19:18,2023-05-08 20:46:09
667,111,Manager nothing child money.,2023-06-26,Rule new air tough red western.,2023-05-26,2023-04-24 00:29:39,2023-05-12 00:46:25
668,65,Defense single skill authority about son why traditional positive protect ability road inside.,2023-06-21,Knowledge clear history.,2023-05-21,2023-05-01 02:38:41,2023-05-05 08:58:49
669,77,Surface resource Mr modern medical half western over future provide account.,2023-06-27,Country upon view put.,2023-05-29,2023-04-21 21:27:03,2023-05-13 14:20:41
670,119,Lawyer do key market could pressure so sea course focus school admit.,2023-06-12,Through discover career truth.,2023-05-06,2023-05-02 14:47:46,2023-05-06 12:20:43
671,74,Establish news small way discover yes pick customer.,2023-06-02,They.,2023-05-24,2023-05-02 15:51:10,2023-05-18 13:05:11
672,147,Attention knowledge national up board never common factor.,2023-06-26,Green.,2023-05-29,2023-04-26 04:34:48,2023-05-12 11:18:01
673,5,Effect black around accept Mrs tonight.,2023-06-14,Staff a early evidence forget give allow help fine.,2023-05-06,2023-04-21 18:58:21,2023-05-07 03:00:54
674,8,Pressure local inside bad should.,2023-06-08,Man.,2023-05-14,2023-04-26 06:56:42,2023-05-06 22:58:00
675,132,Method fine team owner opportunity figure debate rather way method Republican.,2023-06-26,Political under team letter plan get.,2023-05-26,2023-04-23 16:08:20,2023-05-30 07:28:30
676,49,Middle compare throughout feel find light minute example mission wrong rest.,2023-06-07,Evidence determine audience focus parent suffer piece plan.,2023-05-19,2023-04-23 15:09:01,2023-05-19 13:06:30
677,77,Goal your professional or worker save role administration then part chair.,2023-06-23,Worker reason that various good process.,2023-05-29,2023-04-19 18:29:17,2023-05-04 20:59:40
678,38,Dog fight others above notice especially news charge cost trade.,2023-06-26,Always but.,2023-05-30,2023-04-23 05:57:44,2023-05-20 04:07:15
679,117,Treatment actually serious fact a operation memory dream report benefit give year art any third.,2023-06-27,Despite every.,2023-05-17,2023-04-27 21:10:19,2023-05-14 07:17:13
680,49,Significant society computer magazine buy positive grow care section network staff rest guess election good.,2023-06-01,Those pull.,2023-05-11,2023-04-24 12:12:18,2023-05-15 16:51:34
681,110,Course people kid subject the magazine.,2023-06-22,Side remember dinner head brother from land.,2023-05-27,2023-04-28 03:18:36,2023-05-31 12:26:55
682,180,Various fish marriage hear far sound television measure call another Congress before ago effort.,2023-06-23,Finish couple industry technology marriage.,2023-05-19,2023-05-03 12:25:00,2023-05-28 16:03:06
683,50,Vote treat send need stock others western rise war effect court customer.,2023-06-20,Machine church catch certain wish body something seek final pretty.,2023-05-29,2023-04-28 22:50:39,2023-05-07 08:42:52
684,72,And never small stage according hospital fish off especially far career black.,2023-06-26,Its eye think.,2023-05-18,2023-04-25 16:39:09,2023-05-31 10:39:09
685,91,Prevent character look official sense common responsibility.,2023-06-23,Gas war stuff mouth leader figure tree son success new.,2023-05-12,2023-04-30 04:17:41,2023-05-17 01:56:32
686,178,Budget maybe court third be term.,2023-06-17,Whatever remain practice table machine reason church history.,2023-05-17,2023-04-20 18:22:01,2023-05-18 12:36:58
687,30,Dream hand treatment claim hear traditional visit.,2023-06-21,Speech agency cold after ok positive staff.,2023-05-24,2023-05-02 06:32:17,2023-05-29 16:40:48
688,4,Ask people president word value left answer cost finally shoulder memory serve carry.,2023-06-26,Town hundred happen for chair economy.,2023-05-11,2023-04-23 10:03:29,2023-05-11 22:33:29
689,75,Crime sit strategy animal teach much.,2023-06-09,Beat seek financial activity dream.,2023-05-24,2023-04-28 06:22:16,2023-05-06 14:14:54
690,85,Argue keep instead add return certainly need speak attack so movement.,2023-06-08,Instead back big good.,2023-05-15,2023-04-27 01:25:44,2023-05-19 12:42:56
691,66,Program pick spring view story indicate miss in.,2023-06-02,Every audience recognize.,2023-05-21,2023-04-23 11:28:15,2023-05-16 17:58:06
692,120,Program camera member.,2023-06-21,Now middle moment wide radio movie.,2023-05-20,2023-04-27 21:12:46,2023-05-12 05:59:56
693,21,Cause of less capital improve individual our morning painting teach.,2023-06-03,Loss discover pattern time court measure able.,2023-05-27,2023-04-23 13:05:55,2023-05-11 00:37:07
694,43,Current always concern deal kitchen put pay various anything.,2023-06-10,Meet three mean security deal thousand real develop.,2023-05-08,2023-04-21 10:46:05,2023-05-16 02:01:22
695,29,Wait general without between next camera difficult magazine.,2023-05-31,Until which usually would government.,2023-05-30,2023-04-22 08:26:18,2023-05-29 16:43:00
696,155,Practice human consumer move become believe home site walk school analysis tend stand we government.,2023-05-31,Threat at surface.,2023-05-14,2023-05-02 06:22:51,2023-05-22 07:34:20
697,88,Head lot tell might.,2023-06-24,Staff before wide risk our politics book cultural.,2023-05-30,2023-04-22 20:09:32,2023-05-06 11:20:44
698,181,Involve continue shake leader book police employee choose into.,2023-06-11,Economy government trouble.,2023-05-21,2023-04-26 14:22:01,2023-05-18 09:25:15
699,49,Myself career car.,2023-06-03,Do security yourself.,2023-05-31,2023-04-20 00:17:34,2023-05-09 09:47:13
700,103,Article degree right capital study many conference ready cut idea.,2023-06-12,Tend there state learn prove degree edge person half front.,2023-05-18,2023-04-22 12:33:47,2023-05-08 14:30:23
701,10,Democrat require property practice few discussion laugh time account cold.,2023-06-11,Per necessary television else check.,2023-05-28,2023-04-22 09:42:39,2023-05-18 05:56:04
702,3,Study we table today two computer rise market develop include meet also instead run majority yeah.,2023-06-24,Perform difference issue tree subject would central turn.,2023-05-10,2023-04-24 12:16:24,2023-05-28 16:18:42
703,117,Campaign else through reveal edge debate whose together including sea improve.,2023-06-28,Then outside board.,2023-05-29,2023-04-28 07:07:23,2023-05-04 22:56:02
704,109,Real voice site among employee issue trial attack own its city ability character ready discuss.,2023-06-01,Fish reality newspaper church threat effort decision.,2023-05-13,2023-04-30 01:33:53,2023-05-31 08:44:45
705,90,Commercial process suggest war now knowledge she throw either.,2023-06-25,Move himself wrong modern.,2023-05-08,2023-05-03 10:01:29,2023-05-30 13:21:29
706,125,Pull live major oil big control travel mouth bad.,2023-06-15,Film value method sure commercial debate.,2023-05-08,2023-04-30 12:22:26,2023-05-22 01:03:18
707,118,A region better light respond light these.,2023-06-03,Decision somebody.,2023-05-22,2023-04-26 05:48:50,2023-05-27 15:18:29
708,101,Board south because product over.,2023-06-11,Pretty.,2023-05-04,2023-04-21 08:11:43,2023-05-04 23:46:19
709,91,Series camera beautiful four provide she available wind.,2023-06-12,Same skill whose charge evening by.,2023-05-19,2023-04-26 21:15:22,2023-05-03 16:39:31
710,69,We approach can back.,2023-06-19,Plan can understand want ahead trouble scientist.,2023-05-13,2023-04-26 20:02:43,2023-05-17 22:37:49
711,106,Art also for already risk reason force worry.,2023-06-13,Seem people knowledge out view hair establish contain later whose wind various.,2023-05-28,2023-04-27 08:13:06,2023-05-17 05:10:55
712,11,Yet outside worry game walk however industry concern can upon.,2023-06-23,Study.,2023-05-26,2023-04-23 09:13:33,2023-05-08 06:56:42
713,13,Rich wrong candidate manage receive field agent minute set dinner.,2023-06-24,Best guess wide whose various military early theory bad ask bar.,2023-05-13,2023-04-29 12:23:36,2023-05-27 20:55:24
714,105,Natural call song remember act here effect change for less fight vote either.,2023-06-14,Thousand image into apply.,2023-05-17,2023-04-24 00:45:01,2023-05-15 20:06:24
715,166,Authority clearly create letter serious support across resource however manage director Democrat easy.,2023-06-08,See.,2023-05-06,2023-05-03 16:11:55,2023-05-05 22:24:54
716,168,Type rate operation possible care continue success add shoulder hair difficult Democrat enter no name.,2023-06-07,Support hair when cell computer.,2023-05-04,2023-04-25 03:06:18,2023-05-21 01:11:23
717,161,Understand hair candidate change rock life along Democrat today.,2023-06-02,Player pass into go.,2023-05-12,2023-04-20 22:42:35,2023-05-09 09:25:12
718,123,Garden call often activity many unit street which receive purpose task past myself discover me table section require.,2023-06-28,Shake traditional little moment their car.,2023-05-22,2023-04-25 03:35:06,2023-05-27 11:50:59
719,34,Story step stay network later part parent Congress south two.,2023-06-11,Hour east budget network stuff low.,2023-05-05,2023-04-21 00:19:40,2023-05-20 10:51:18
720,155,Quality official sport PM worry we happen character newspaper matter.,2023-06-08,Space.,2023-05-16,2023-05-02 00:02:09,2023-05-17 20:15:18
721,100,No look just how movement lead debate may others.,2023-06-06,Democrat thousand.,2023-05-26,2023-04-30 14:15:32,2023-05-09 21:47:46
722,51,Sell feel specific for base public today experience too.,2023-06-24,Your audience make also form political learn capital.,2023-05-07,2023-04-23 11:30:48,2023-05-06 03:34:08
723,89,Still artist five show very.,2023-06-16,Likely however dog this tree discuss left size because material.,2023-05-31,2023-04-26 09:09:47,2023-05-31 03:12:23
724,21,Add brother stock success model less foot quickly mother huge air.,2023-06-12,Save.,2023-05-30,2023-04-26 11:20:40,2023-05-04 10:47:42
725,157,Film his money investment thought red account prepare more professor speak commercial meeting everyone year.,2023-06-28,Bag wife talk true business accept.,2023-05-09,2023-04-21 12:45:14,2023-05-04 00:09:30
726,73,Offer plant us suffer experience.,2023-06-22,Affect design artist nor per wall so enjoy serious.,2023-05-06,2023-04-19 18:56:58,2023-05-24 12:59:56
727,19,Trouble thousand whole us better within power pay.,2023-06-20,Wait sure field carry cause finish operation her town why.,2023-05-14,2023-04-23 00:34:09,2023-05-03 18:18:14
728,154,Unit clearly up per.,2023-06-17,Place time else stuff each.,2023-05-04,2023-05-03 14:54:21,2023-05-15 18:01:45
729,153,Board baby network know road finish environment.,2023-06-18,Environmental position fill medical line institution scene fall else.,2023-05-23,2023-04-30 19:02:51,2023-05-22 03:33:57
730,40,South night left might environment reason sort several important push.,2023-06-16,Inside mother word company old ball.,2023-05-17,2023-04-25 09:10:24,2023-05-15 05:26:31
731,124,Adult expert policy worry investment under south until report either standard.,2023-06-01,Wind staff agency future company democratic home different message none give me.,2023-05-24,2023-04-22 21:00:58,2023-05-15 17:33:47
732,29,Somebody not start live road finish bed.,2023-06-27,Third their.,2023-05-15,2023-04-27 13:48:41,2023-05-23 22:08:30
733,153,Mother stuff civil appear involve high grow always down prove.,2023-06-27,Body rate six growth bed mother early world near.,2023-05-07,2023-04-30 22:09:37,2023-05-05 05:38:56
734,147,Test choice group him term sister.,2023-06-07,Almost cover debate like.,2023-05-24,2023-04-22 14:42:38,2023-05-30 03:44:32
735,173,Security economy office travel event deep plant skin walk.,2023-06-10,Data east itself tell recognize better not.,2023-05-21,2023-04-21 21:03:19,2023-05-27 05:51:52
736,46,Look no mean care concern.,2023-06-11,Answer per care another sing read specific able of deep southern.,2023-05-30,2023-04-24 06:53:50,2023-05-28 23:00:56
737,55,And themselves involve some wall street entire blood start still.,2023-06-04,Sometimes on whole theory her.,2023-05-06,2023-04-23 01:23:39,2023-05-13 21:09:22
738,1,Actually method until quality specific travel suffer practice race develop.,2023-06-01,Administration describe suddenly ready.,2023-05-04,2023-04-23 10:01:02,2023-05-20 00:58:17
739,139,New of light break up still.,2023-06-21,Defense do step exactly.,2023-05-20,2023-04-27 11:05:18,2023-05-24 20:12:02
740,135,Different top over fear country term onto analysis turn ready garden.,2023-06-20,Financial role tonight painting song agree sure pass open off easy worry.,2023-05-03,2023-04-30 05:50:50,2023-05-06 05:22:21
741,100,Officer understand language call win free.,2023-06-09,Identify authority walk author enter edge baby nation article land response.,2023-05-23,2023-04-29 09:02:06,2023-05-04 08:05:24
742,148,Nation find new key family discover threat rich professor.,2023-06-18,Court cold western would.,2023-05-28,2023-04-20 08:19:14,2023-05-23 12:35:43
743,163,Realize citizen push campaign work might cultural common.,2023-06-22,With movement.,2023-05-20,2023-04-27 06:23:33,2023-05-24 02:32:42
744,51,Condition five social prepare public.,2023-06-03,Involve type with fire whom.,2023-05-09,2023-04-21 17:54:29,2023-05-08 13:18:09
745,103,Return be civil so fund doctor floor rest energy fall never walk.,2023-06-13,Thought program response government player.,2023-05-09,2023-05-03 01:51:36,2023-05-12 20:57:29
746,21,Lot bag environmental method certain enter industry traditional tough drop wide always trade until risk put.,2023-06-14,Yeah present economic state citizen recognize discussion.,2023-05-30,2023-04-26 23:06:12,2023-05-08 06:40:47
747,172,Fire reality new fight fly power measure carry.,2023-06-13,Use keep age change two actually them reality.,2023-05-10,2023-04-23 07:29:13,2023-05-06 08:39:28
748,119,Alone wide than where whom phone gas floor instead up response.,2023-06-07,Dog option these able truth rate.,2023-05-16,2023-04-25 10:56:30,2023-05-25 17:49:26
749,129,Building area opportunity range join condition station table true wait.,2023-06-03,Again think.,2023-05-18,2023-04-28 19:51:27,2023-05-05 11:40:58
750,110,Environmental person option fight director.,2023-06-01,Value simple apply stay professor.,2023-05-30,2023-04-25 23:31:20,2023-05-16 11:45:49
751,106,Hundred PM commercial bring send since measure model.,2023-06-25,Husband attention plant quite.,2023-05-24,2023-04-21 08:42:37,2023-05-22 03:42:36
752,141,Training big man on data.,2023-06-09,Not house themselves cell north politics say door site hit.,2023-05-11,2023-04-28 18:47:33,2023-05-18 18:00:44
753,16,Hand free worry heart anyone voice final within.,2023-06-06,Building pressure just.,2023-05-05,2023-04-30 18:31:25,2023-05-15 17:09:26
754,119,Site many name science send miss according skill.,2023-06-12,Explain how girl understand sure sing build paper task indicate.,2023-05-27,2023-04-25 04:51:07,2023-05-24 21:21:11
755,34,Become individual keep beat point laugh east yet.,2023-06-12,Fund wrong measure on.,2023-05-16,2023-04-30 13:21:39,2023-05-12 06:30:25
756,152,That camera southern officer itself song could simply.,2023-06-22,All feeling middle miss president east commercial.,2023-05-19,2023-04-28 20:26:42,2023-05-13 09:43:24
757,141,Type sing drop purpose step either ready effect music.,2023-06-15,Maybe scientist claim.,2023-05-14,2023-04-22 20:21:38,2023-05-08 14:37:57
758,134,Magazine no choose least less table involve by.,2023-06-24,Involve the between song something social stage.,2023-05-25,2023-04-22 11:45:01,2023-05-10 15:27:43
759,39,Forget where cover expert represent though rock series so produce artist between guy house practice red yet nothing while.,2023-06-16,Middle understand.,2023-05-22,2023-04-25 20:47:38,2023-05-20 00:09:24
760,2,Very traditional professional religious skill six live do.,2023-06-03,House during less factor change question.,2023-05-08,2023-04-28 03:17:07,2023-05-17 12:35:19
761,11,New tough ask house him focus.,2023-06-03,List edge when establish.,2023-05-06,2023-04-21 15:45:27,2023-05-07 10:20:19
762,7,Individual magazine foreign option how international health baby economy partner safe.,2023-06-09,Western language character respond amount term husband college through.,2023-05-14,2023-05-02 23:15:01,2023-05-11 15:23:36
763,126,Sport design style cold social any woman even goal ago act candidate during accept fire study church offer on suddenly.,2023-06-10,Hour site from teacher mention risk.,2023-05-05,2023-04-20 14:58:02,2023-05-20 00:11:38
764,7,Agree also cut program size especially world fund light yet sea have.,2023-06-03,Until teach teacher.,2023-05-09,2023-04-28 22:05:35,2023-05-25 23:53:32
765,103,Relationship exist there happen forward poor best course.,2023-06-28,Nor may condition dog seven vote chair staff guess safe team.,2023-05-31,2023-04-27 21:07:56,2023-05-08 17:03:42
766,167,Professional yet carry after center.,2023-06-07,Step today modern walk.,2023-05-17,2023-04-24 21:37:23,2023-05-07 11:42:54
767,76,South she family professor rule market upon part beat.,2023-06-07,Resource station so from information sister cover rate back as site.,2023-05-07,2023-04-29 12:34:43,2023-05-13 03:28:34
768,115,Company everybody weight trouble themselves serve their one interesting official arm skill young across.,2023-06-06,Offer information available ago here.,2023-05-07,2023-05-01 12:19:23,2023-05-16 17:19:14
769,86,Language white put cultural agent nation base.,2023-06-12,Glass writer.,2023-05-16,2023-04-28 09:09:48,2023-05-11 23:00:00
770,127,Social political try decade issue discuss how last institution tonight.,2023-06-17,Southern civil knowledge night where board probably society.,2023-05-23,2023-05-02 02:52:00,2023-05-07 20:51:24
771,115,Can blue myself result deal but magazine grow try total second ago performance.,2023-06-20,Through as training today discuss.,2023-05-20,2023-04-29 18:52:10,2023-05-18 03:20:03
772,179,System send method center house performance program mother everyone box feeling center human new occur.,2023-06-06,Community computer.,2023-05-06,2023-04-30 01:42:51,2023-05-07 07:26:38
773,52,Peace animal book director impact than available much least walk campaign.,2023-06-16,Stage consider tough hospital with effect.,2023-05-17,2023-04-26 08:56:40,2023-05-06 04:19:17
774,3,Experience usually military Congress claim Republican answer form speak ten show.,2023-06-12,Their author citizen.,2023-05-07,2023-05-03 16:13:41,2023-05-29 08:56:23
775,77,Quickly social about support single history message gun so nearly significant seek nearly seven operation ball.,2023-06-15,Material.,2023-05-04,2023-04-30 11:40:54,2023-05-21 09:32:35
776,158,Rest knowledge describe modern face husband know region that occur forget note dark short rock public.,2023-06-08,Behavior need machine outside want beyond north board vote.,2023-05-24,2023-04-27 13:01:14,2023-05-29 22:18:19
777,10,Three church fund outside sometimes win.,2023-06-22,Hit impact.,2023-05-07,2023-04-21 22:58:10,2023-05-06 17:29:29
778,116,State interest edge hold half under our until artist.,2023-06-11,Learn in chair age past lot own many realize evening soon peace.,2023-05-26,2023-04-22 10:21:45,2023-05-29 03:40:26
779,134,Season thank high research.,2023-06-23,International month likely ago of experience experience other.,2023-05-17,2023-04-25 22:00:59,2023-05-04 01:21:31
780,117,President argue style structure mother at.,2023-06-10,Quality.,2023-05-04,2023-05-01 13:19:08,2023-05-03 17:34:19
781,44,How until middle value product rich teacher.,2023-06-18,True process more take blood deep.,2023-05-12,2023-04-24 10:42:24,2023-05-29 03:37:34
782,80,Contain foreign new heavy sport decision.,2023-06-07,They sister peace bring provide apply far.,2023-05-24,2023-05-03 16:11:36,2023-05-13 13:02:10
783,63,Apply positive wait visit list strategy own lose policy try result.,2023-06-06,Environment memory but most report debate customer card this marriage total.,2023-05-15,2023-04-30 19:42:30,2023-05-10 17:08:04
784,77,Necessary join end must article newspaper wear along movie matter church even memory reveal need later health.,2023-06-19,Pretty less natural up project simply quickly.,2023-05-15,2023-04-23 17:16:27,2023-05-05 02:17:06
785,48,Inside his increase thing window.,2023-06-14,Cold best owner itself person experience control heart line become.,2023-05-18,2023-04-25 20:27:17,2023-05-25 15:27:45
786,77,Woman probably light among.,2023-06-03,Attorney election character baby choose power.,2023-05-29,2023-05-03 05:13:41,2023-05-23 18:29:48
787,150,Write election yet image girl seat hear claim fund only finish.,2023-06-17,Should senior effect miss because organization.,2023-05-08,2023-04-22 08:02:56,2023-05-26 05:25:12
788,121,More policy accept seem ago television.,2023-06-17,Deep certain air fill local instead central skill.,2023-05-31,2023-05-02 11:47:13,2023-05-19 20:52:46
789,19,World plan pay recent expert clear.,2023-06-08,Name early owner brother choose hundred painting.,2023-05-10,2023-04-22 16:07:54,2023-05-07 00:44:33
790,90,Yeah how perform write.,2023-06-14,Wish whom space charge natural talk nearly respond.,2023-05-15,2023-05-02 21:31:58,2023-05-21 12:53:06
791,14,Step head you story resource ahead clearly pass table.,2023-06-11,Card catch until listen travel any responsibility plant state protect.,2023-05-14,2023-04-19 22:00:37,2023-05-27 02:16:32
792,93,Board protect tough have big believe establish energy eat.,2023-06-09,Become senior sure.,2023-05-21,2023-04-25 13:15:55,2023-05-28 04:44:33
793,106,Pick actually up truth prevent.,2023-06-18,Score glass send.,2023-05-30,2023-04-29 23:12:13,2023-05-19 13:49:27
794,7,Card whole all herself month serious would.,2023-06-04,Public in leg into seat make on left.,2023-05-12,2023-04-27 07:53:53,2023-05-10 09:31:22
795,101,Address bad value believe they everything.,2023-06-03,Central allow four take head senior another nearly be.,2023-05-20,2023-04-30 13:44:06,2023-05-10 23:28:31
796,49,Institution find stand according hour piece include crime control face girl cultural.,2023-06-20,Concern land husband take.,2023-05-13,2023-04-27 08:30:47,2023-05-26 06:28:28
797,41,Wear party partner personal keep.,2023-06-28,Few according talk necessary material talk table probably from house sure loss.,2023-05-03,2023-04-28 22:09:19,2023-05-10 04:13:12
798,155,Rest manager wish treat decade team plant popular.,2023-06-27,Live all suffer child smile or.,2023-05-23,2023-05-03 07:35:30,2023-05-16 15:31:29
799,159,Although mention animal camera agreement bar different president want size PM become science data family increase.,2023-06-16,Region success attorney.,2023-05-07,2023-04-20 14:58:13,2023-05-30 16:46:36
800,134,Science democratic the car might yeah design may somebody positive.,2023-06-07,Trip.,2023-05-10,2023-04-20 15:06:57,2023-05-27 02:37:03
801,144,Hundred hundred should democratic choice wear office party.,2023-06-07,Yet guy effect.,2023-05-09,2023-04-30 17:00:56,2023-05-18 20:36:22
802,38,Purpose my difficult us option professor either word.,2023-06-23,Simple resource authority water.,2023-05-24,2023-05-03 04:49:56,2023-05-25 17:20:14
803,60,Establish production card hard stop now south consumer between camera although.,2023-06-01,Five generation should service me.,2023-05-24,2023-04-23 13:20:14,2023-05-17 02:32:56
804,114,Out include almost fill player include experience father myself.,2023-06-26,Them law travel down treat high building position kid point deep.,2023-05-08,2023-05-02 20:21:40,2023-05-24 15:26:07
805,96,Shoulder for over clearly foreign plan air civil its soon tonight.,2023-06-17,Line lose discussion.,2023-05-13,2023-04-21 23:25:48,2023-05-10 04:43:22
806,97,Down strong use.,2023-06-25,South need expect address these.,2023-05-12,2023-04-24 07:27:44,2023-05-18 03:26:48
807,33,Marriage woman after production grow range set strategy environmental always their.,2023-06-04,Maintain some staff evening.,2023-05-08,2023-05-03 09:24:40,2023-05-13 04:15:38
808,63,Present must morning too admit late compare report degree.,2023-06-09,Strategy data leader avoid this oil back officer.,2023-05-21,2023-04-23 20:08:38,2023-05-21 21:50:36
809,139,Your character story effort show treatment protect recent simple game.,2023-06-19,Mother language help.,2023-05-08,2023-04-24 20:54:55,2023-05-26 01:29:45
810,141,Person hard west financial small mother they process hand political.,2023-06-19,Back fast.,2023-05-06,2023-04-28 04:29:39,2023-05-07 06:38:41
811,94,Camera among reflect enough cost tree.,2023-06-16,Road they Congress focus tree century learn red development dinner.,2023-05-30,2023-04-26 21:40:29,2023-05-07 21:08:42
812,65,Onto sit city but policy kid authority data.,2023-06-02,Gas old.,2023-05-29,2023-04-27 17:25:31,2023-05-09 03:24:59
813,158,Be military garden them.,2023-06-14,Hold important lay identify none.,2023-05-16,2023-04-20 04:20:22,2023-05-15 09:08:01
814,91,Next daughter tend if third enough them staff send network agency.,2023-06-20,Quality film agree several owner.,2023-05-25,2023-04-25 19:24:50,2023-05-20 14:37:15
815,151,Matter any civil under music.,2023-06-11,Rich young sign pattern then eye leg deep enjoy training.,2023-05-19,2023-05-03 12:36:30,2023-05-17 01:54:21
816,148,Likely every fill follow cup use increase he.,2023-06-25,Figure allow apply lose head.,2023-05-08,2023-04-27 10:05:29,2023-05-17 15:28:14
817,134,Event base off truth call speech economy political another.,2023-06-24,Discover career decision stage street entire.,2023-05-28,2023-04-22 15:01:01,2023-05-07 15:18:30
818,37,Account door low rest form president day third arrive professional condition reality air.,2023-06-25,These star want.,2023-05-04,2023-04-26 23:44:55,2023-05-15 09:11:15
819,84,Reality partner either only per.,2023-06-28,Candidate person.,2023-05-23,2023-04-30 09:30:11,2023-05-31 00:09:10
820,128,Group build thousand their least air reduce different whose author national those difference cause.,2023-06-07,Attention follow around crime buy.,2023-05-22,2023-04-25 05:24:10,2023-05-18 19:56:36
821,6,Believe everything these project food worry education carry site little feeling.,2023-06-23,Chance Mrs day many store everything future fear.,2023-05-17,2023-04-22 08:39:53,2023-05-11 03:24:59
822,93,Write upon care minute southern technology son long.,2023-06-02,Space score push.,2023-05-18,2023-04-21 19:19:15,2023-05-22 17:07:48
823,155,Possible star sing some street training visit own include thing probably lot thought third civil.,2023-06-03,When analysis often.,2023-05-20,2023-04-27 13:49:58,2023-05-22 16:48:54
824,84,Guy city change sister only.,2023-06-16,Least majority describe alone none news.,2023-05-29,2023-05-01 02:25:08,2023-05-05 10:03:34
825,141,Sometimes civil executive economic child adult forget floor soldier day choose series pay development model.,2023-06-14,Able Mrs church all market democratic write however heavy.,2023-05-13,2023-04-22 19:48:15,2023-05-19 12:40:49
826,136,Wife case bed mention result about stop few.,2023-06-14,Break what nature their.,2023-05-26,2023-04-26 22:49:11,2023-05-29 03:56:35
827,181,Meet in medical stand style tough career drop indeed dream.,2023-06-27,Operation consumer theory opportunity interview sea manage thus after look help hundred cell.,2023-05-06,2023-05-01 03:59:55,2023-05-09 23:45:52
828,81,Goal article nor yet should environment late card.,2023-06-14,Strong world listen chair speech center.,2023-05-22,2023-04-30 13:27:33,2023-05-27 00:54:10
829,158,Turn color write so item claim attorney price before give.,2023-06-07,Create product public security sister security central.,2023-05-10,2023-04-27 05:17:33,2023-05-27 17:10:55
830,1,Ground experience college he stay in generation.,2023-06-10,Yet goal fact anything source low learn staff town.,2023-05-16,2023-04-24 05:44:57,2023-05-13 21:32:23
831,75,Play two keep later write computer mind thing since protect.,2023-06-08,Society dog everyone law itself far.,2023-05-19,2023-04-30 15:03:26,2023-05-06 04:04:01
832,132,Apply take large full woman officer their feel per action near.,2023-06-14,Research network start.,2023-05-25,2023-05-01 13:09:49,2023-05-14 23:50:04
833,62,Only especially decision small hotel find kitchen and perhaps behind accept agent light do on.,2023-06-18,Serious benefit send suddenly Republican garden own green computer drug like civil.,2023-05-11,2023-04-22 14:49:15,2023-05-31 04:43:53
834,68,Care him poor authority water else citizen study anyone.,2023-06-18,Religious start community his yet money citizen method tell project however international.,2023-05-10,2023-04-28 05:59:08,2023-05-06 05:50:27
835,145,Either base both return.,2023-06-08,Win Democrat sister.,2023-05-27,2023-04-29 15:04:53,2023-05-28 04:16:40
836,113,Music begin TV most.,2023-06-20,Amount available though eat so by market citizen.,2023-05-06,2023-04-28 10:30:59,2023-05-13 09:04:56
837,85,Morning unit road go hear company size very include notice three impact authority.,2023-06-10,Simply become game career catch.,2023-05-19,2023-04-25 08:19:09,2023-05-23 01:38:26
838,117,We these opportunity mouth single finally better also detail site.,2023-06-26,Across father into water attack give.,2023-05-24,2023-04-29 17:47:00,2023-05-19 22:48:22
839,57,Space enter and leave relate play what enjoy someone.,2023-06-04,Small place small against news will bar speech prove.,2023-05-27,2023-05-01 10:19:43,2023-05-14 04:00:15
840,63,Fight particular available PM concern man bar those old church either issue citizen sound development contain process specific might.,2023-06-23,Without address four suggest ago indicate finally dinner rich work man effect.,2023-05-23,2023-05-01 00:44:31,2023-05-24 16:14:31
841,49,Information material discover someone eye personal dream drop force painting work good listen hear information.,2023-06-10,Force start rise.,2023-05-23,2023-04-24 12:29:05,2023-05-17 11:16:19
842,146,Nothing clearly attention score moment weight new quite control whether little positive nature reason.,2023-06-19,First policy role.,2023-05-27,2023-04-29 07:50:06,2023-05-26 16:38:03
843,118,Best long plan author open director give season receive already key deal when stage.,2023-06-28,Trouble front pressure wide total.,2023-05-30,2023-04-29 02:43:11,2023-05-19 07:13:17
844,10,Back boy program surface hair down themselves as financial.,2023-05-31,Close push necessary shoulder people service order.,2023-05-29,2023-04-29 01:57:19,2023-05-06 10:27:31
845,80,Local simply hospital show movement state realize they if.,2023-06-13,Behavior happen old federal customer organization service tough third.,2023-05-30,2023-04-25 15:10:30,2023-05-03 18:09:06
846,162,Onto factor indicate then how they rate final board add executive himself though image state.,2023-06-09,Opportunity expert suddenly.,2023-05-31,2023-04-28 08:44:40,2023-05-18 10:44:37
847,133,Resource federal night about hotel necessary room people cost protect success speech gas.,2023-06-05,Participant per state good draw plant during south hot land away.,2023-05-17,2023-04-27 16:32:43,2023-05-25 00:20:58
848,145,Red trial stock whom bag enough training pretty base.,2023-06-08,Better.,2023-05-28,2023-04-27 19:53:08,2023-05-07 17:26:04
849,72,Several if fact baby rich agent everybody debate.,2023-06-18,Friend decision old and often whether shoulder behind professional.,2023-05-19,2023-04-28 04:41:10,2023-05-07 07:37:59
850,63,Employee material blood ever bring food difference fall else direction.,2023-06-20,Wind movie house science.,2023-05-31,2023-04-28 05:28:48,2023-05-09 02:32:32
851,24,Wife feeling agent present agreement little back customer let should office production senior pattern.,2023-06-23,Matter model hit with.,2023-05-23,2023-04-19 19:03:29,2023-05-30 03:18:14
852,92,Red free say ever performance have player.,2023-06-04,Political style some admit old.,2023-05-23,2023-05-01 15:19:31,2023-05-14 12:33:26
853,111,Central prove forget not imagine should seem.,2023-06-27,Page rest land economic drop lay central.,2023-05-29,2023-04-20 21:34:55,2023-05-21 14:54:22
854,8,Onto buy deal.,2023-06-15,Impact finish.,2023-05-26,2023-04-30 06:45:05,2023-05-23 14:35:25
855,23,Which unit also per air hundred include color enjoy guess.,2023-05-31,Rock note building teacher.,2023-05-23,2023-04-28 00:55:22,2023-05-19 10:11:34
856,99,Expert prove my camera western number clear general.,2023-05-31,Best political stand production.,2023-05-16,2023-04-28 04:56:08,2023-05-17 19:47:02
857,159,My sound that than reach near so.,2023-06-21,Often usually least manager choice school general great.,2023-05-09,2023-04-29 15:38:18,2023-05-12 06:51:02
858,81,Reality generation early end bill line house experience follow catch yard we.,2023-06-27,Article rock determine move alone certainly middle resource level accept expert.,2023-05-26,2023-04-27 06:28:16,2023-05-29 07:31:37
859,156,Whole I not eat level certainly important itself bring property marriage.,2023-06-06,Back else effect peace.,2023-05-28,2023-04-23 12:50:14,2023-05-07 17:57:54
860,48,Wonder seat trial human move indeed American sea his career compare industry woman could.,2023-06-05,Speak energy watch notice perform occur color smile turn.,2023-05-04,2023-04-29 20:42:20,2023-05-13 23:56:47
861,115,Be describe relate school ago second also first contain music sell TV.,2023-06-13,Actually window ball enter share.,2023-05-06,2023-04-27 11:19:32,2023-05-05 01:56:33
862,12,Life sell leader popular quality want eat per hair sort.,2023-06-24,Share indicate last open.,2023-05-16,2023-04-27 00:47:12,2023-05-11 03:45:02
863,79,Father once performance surface accept that.,2023-06-19,Wrong source sing leg change.,2023-05-09,2023-04-21 23:07:16,2023-05-17 02:58:36
864,31,Remember teacher sign most who.,2023-06-03,Rest sense where remember century.,2023-05-31,2023-04-19 23:25:04,2023-05-23 07:38:45
865,91,Edge lay someone follow begin deal Republican factor believe public.,2023-06-11,Time mention feeling better future again peace.,2023-05-15,2023-04-24 11:34:47,2023-05-16 12:28:49
866,35,Debate somebody far building culture recognize sense commercial.,2023-06-02,However brother write we hospital.,2023-05-18,2023-04-29 16:44:15,2023-05-22 19:26:25
867,55,News quite difficult poor natural cover consider walk real service plant look.,2023-06-07,Appear.,2023-05-11,2023-05-01 14:30:25,2023-05-04 21:27:42
868,82,Inside owner mother even receive sister discuss sea give last person choice safe from.,2023-06-04,Writer certain sell fear.,2023-05-20,2023-05-03 00:26:29,2023-05-31 11:33:43
869,164,Experience indicate strategy hot town remain participant staff hour character.,2023-06-15,Natural foot light drop arm sense plant.,2023-05-16,2023-04-27 16:06:51,2023-05-21 18:36:56
870,72,Gas ever get yard recognize teach ask central rule.,2023-06-17,None thousand.,2023-05-10,2023-04-22 18:06:06,2023-05-21 17:22:49
871,110,Candidate happen statement law science choose response direction husband sea fall.,2023-06-27,Scientist break happen technology if personal war senior mouth good.,2023-05-04,2023-04-21 18:41:27,2023-05-16 07:01:21
872,60,Foreign instead fish article situation provide call significant turn assume fine tell throw federal if deal you.,2023-06-19,Enter loss bar nothing among.,2023-05-27,2023-04-19 17:36:48,2023-05-09 03:12:22
873,113,Investment story door animal effect responsibility push trial.,2023-06-20,Than my walk Mrs whom matter church my much draw soldier difference.,2023-05-10,2023-05-02 12:27:43,2023-05-13 07:45:32
874,166,Argue fly you pull various recognize man black traditional should.,2023-06-21,Inside sell among security loss.,2023-05-05,2023-04-24 09:39:17,2023-05-12 01:03:51
875,69,Growth mother bed contain.,2023-06-18,Authority brother drop.,2023-05-06,2023-05-02 11:17:41,2023-05-14 09:03:16
876,14,Country still indicate identify scene television improve although general spend happy throw.,2023-06-06,Material enough again pattern cold it.,2023-05-28,2023-04-28 20:36:00,2023-05-26 17:41:38
877,102,School kind later phone kitchen today movie economic key near why.,2023-05-31,Approach American value modern music continue to mention chair.,2023-05-08,2023-04-21 11:38:22,2023-05-20 19:59:48
878,20,Yard nothing put officer eight ok.,2023-06-05,Trouble base.,2023-05-30,2023-04-22 12:24:14,2023-05-13 15:40:43
879,108,Anything also identify respond can.,2023-06-14,Too idea whom.,2023-05-29,2023-04-21 20:04:15,2023-05-11 20:12:33
880,9,You experience that conference modern organization alone play manage project ready author both.,2023-06-07,Head the fire action during.,2023-05-13,2023-04-29 12:43:33,2023-05-27 04:34:51
881,97,Maintain term require final black listen member report factor.,2023-06-19,Choice.,2023-05-14,2023-04-29 03:08:23,2023-05-08 07:25:31
882,125,Success plan minute we one.,2023-06-06,Talk through fine add.,2023-05-06,2023-04-25 17:48:32,2023-05-08 20:18:29
883,101,There parent skin boy opportunity life local raise long child believe born.,2023-06-12,Around build north rich sort clearly necessary seem success how traditional.,2023-05-12,2023-05-03 08:12:50,2023-05-08 05:20:40
884,130,Daughter purpose appear sound including.,2023-06-17,Indeed arm throughout want.,2023-05-27,2023-04-29 17:34:28,2023-05-06 18:49:48
885,158,Draw hot support ask increase place probably as least answer sort or record remain position mother.,2023-06-03,My now.,2023-05-30,2023-04-27 00:44:21,2023-05-19 04:46:47
886,134,Itself left value apply begin week job admit.,2023-06-20,Thus manager well.,2023-05-24,2023-04-23 19:02:22,2023-05-07 01:49:05
887,169,Herself alone near more letter century call choose baby father.,2023-06-10,Official on shake family.,2023-05-26,2023-04-28 21:25:48,2023-05-30 13:19:44
888,151,Management personal production study response subject news term owner man cost surface final.,2023-06-09,Peace past his pressure door large.,2023-05-29,2023-04-24 19:18:05,2023-05-31 14:22:09
889,31,Various now site test probably today more stand according popular evening speech high fight enter throw matter.,2023-06-17,Quickly hair ten reflect war program which us even.,2023-05-05,2023-05-03 02:12:00,2023-05-07 14:29:45
890,20,Create station maintain law population set cultural.,2023-06-03,Foreign brother common list senior support case.,2023-05-20,2023-04-21 03:53:33,2023-05-24 10:16:45
891,5,Share join room fly tonight dinner.,2023-06-20,Suffer.,2023-05-04,2023-04-23 06:11:59,2023-05-07 02:07:17
892,149,Pay town entire or expert above better.,2023-06-05,Nearly any type involve director watch clear tend minute event.,2023-05-18,2023-04-29 07:02:33,2023-05-16 10:09:50
893,107,Type race energy number they real your record.,2023-06-12,Social want into institution before total.,2023-05-24,2023-04-23 16:48:08,2023-05-22 03:53:31
894,75,Send institution white might half first three determine begin exactly institution statement mean.,2023-06-14,Receive another need nice foot.,2023-05-06,2023-04-27 16:01:44,2023-05-27 07:21:03
895,124,Song miss image light common.,2023-06-03,Listen agreement great far lead condition manage that.,2023-05-28,2023-04-28 15:15:01,2023-05-06 22:25:29
896,61,Leave challenge field above work big against off speech pretty.,2023-06-05,Success certain.,2023-05-16,2023-04-22 01:47:32,2023-05-26 19:43:01
897,94,Detail force week when piece low wind bill just friend red democratic general region suggest.,2023-06-12,Attention tough city present much something travel southern hundred should record life.,2023-05-04,2023-04-24 02:56:33,2023-05-25 00:56:53
898,170,Process speak leader forget also today.,2023-06-26,Expert floor real.,2023-05-27,2023-04-29 05:23:11,2023-05-21 06:13:17
899,41,Agree spring yes through.,2023-06-08,Firm anyone recognize herself significant third forward.,2023-05-04,2023-04-28 18:07:46,2023-05-11 23:56:08
900,180,Huge including stage bank often fact growth fall easy.,2023-06-08,Degree Democrat establish pretty contain operation far race.,2023-05-19,2023-04-30 20:26:18,2023-05-25 16:40:45
901,41,Development these sort effect however local push control song professional dinner cause.,2023-05-31,Run police system beautiful head.,2023-05-19,2023-04-28 14:33:14,2023-05-06 22:51:42
902,60,Theory mission change painting million company raise.,2023-06-25,Positive spring morning phone heavy affect.,2023-05-04,2023-04-29 20:28:01,2023-05-06 00:32:38
903,30,Same detail page if green financial try.,2023-06-18,Meet more size reason main investment speak toward section brother.,2023-05-05,2023-05-01 07:47:59,2023-05-16 23:55:56
904,95,First just indeed growth job above.,2023-06-03,These wall test us may box around magazine one.,2023-05-13,2023-04-21 07:53:32,2023-05-07 22:36:47
905,166,Once fund mind true her enter tonight recognize where option century PM win.,2023-06-06,Building exist order city break I evidence.,2023-05-17,2023-04-20 11:09:49,2023-05-26 10:52:02
906,127,Us situation benefit authority know face of.,2023-06-25,Important wall bring.,2023-05-17,2023-04-30 23:18:25,2023-05-19 04:38:03
907,17,Surface as focus best for.,2023-06-26,Daughter beat.,2023-05-25,2023-04-28 10:37:26,2023-05-10 10:48:23
908,100,Power simple likely seven radio.,2023-06-18,Around place evidence.,2023-05-10,2023-05-03 03:46:00,2023-05-22 08:38:52
909,168,Above computer example child official without office yard story reality.,2023-06-21,Ready may raise past ten send join.,2023-05-06,2023-05-02 00:28:43,2023-05-09 17:37:32
910,158,Sing cultural say worker medical any star sit finish democratic cost forward determine sort support audience.,2023-06-20,Of record hand condition stuff establish would lot.,2023-05-26,2023-04-24 09:56:32,2023-05-26 13:06:55
911,66,Increase language account like food thus thing market check PM court.,2023-06-16,Important sign.,2023-05-09,2023-04-23 10:16:04,2023-05-04 21:52:51
912,24,Them computer performance maybe miss.,2023-06-23,Use long push forward realize establish kid wonder.,2023-05-22,2023-04-23 23:26:56,2023-05-15 11:47:26
913,129,Individual family group administration second during fine opportunity.,2023-06-16,Game positive attack space environment maybe present time but.,2023-05-09,2023-05-03 10:53:51,2023-05-18 13:12:31
914,88,Capital conference third truth wish population resource season begin imagine message.,2023-05-31,Others stage it system federal both business one view forward service.,2023-05-29,2023-04-26 00:00:24,2023-05-13 02:38:34
915,38,Stage themselves security race.,2023-06-21,Memory shoulder contain carry drug.,2023-05-08,2023-04-26 17:03:35,2023-05-04 04:00:40
916,112,Benefit whether must that drive relationship pretty her his.,2023-06-14,Few ability thank than person hour collection.,2023-05-18,2023-05-03 14:41:24,2023-05-24 17:38:17
917,155,Local wide book back until role improve report.,2023-06-01,Interview question star join shake each.,2023-05-27,2023-04-26 02:10:51,2023-05-21 04:11:09
918,90,Child popular argue paper billion now edge imagine.,2023-06-01,Community learn try.,2023-05-25,2023-05-02 17:52:19,2023-05-24 00:22:44
919,135,Another likely old whom attention effect none part color white offer choose rich for.,2023-06-13,Tell.,2023-05-27,2023-04-27 13:47:19,2023-05-13 05:18:44
920,102,Worker sound far force executive listen.,2023-06-20,Voice single left everything foot wonder page.,2023-05-26,2023-04-24 08:18:59,2023-05-24 17:54:11
921,42,Evidence performance hot evening knowledge low have arrive best thank plan foot direction five control none drug.,2023-06-15,Magazine of record Mrs better nice owner send result toward wait guess.,2023-05-12,2023-04-22 15:16:14,2023-05-07 21:39:58
922,146,Oil impact threat campaign instead analysis.,2023-06-20,Simply heart away region safe top person right final here.,2023-05-17,2023-04-23 17:11:25,2023-05-15 18:14:53
923,113,Return we us many church upon entire color.,2023-06-18,Next benefit training understand believe loss until similar human blood newspaper.,2023-05-09,2023-04-23 20:24:46,2023-05-06 09:26:57
924,44,Establish establish father economy put its.,2023-06-16,Yes history world rich build.,2023-05-07,2023-05-02 13:12:17,2023-05-23 23:07:40
925,111,Long medical show resource citizen.,2023-06-10,Wall once.,2023-05-18,2023-04-25 14:35:52,2023-05-09 16:42:10
926,119,Game report nation arrive accept blood.,2023-06-24,Arm agency imagine view certainly.,2023-05-05,2023-04-26 17:23:02,2023-05-05 03:37:46
927,148,Minute suddenly in education dream stock could success.,2023-06-25,Training market choice western majority that any.,2023-05-07,2023-04-30 18:08:01,2023-05-21 14:00:49
928,23,Worry argue seven great today two.,2023-06-10,Cause style put compare center.,2023-05-17,2023-05-01 04:14:27,2023-05-15 16:45:06
929,110,What fast cover rather marriage.,2023-06-18,Politics pull allow.,2023-05-20,2023-04-30 21:06:41,2023-05-06 23:22:26
930,140,Show campaign meeting expect company.,2023-06-08,Charge point hair.,2023-05-24,2023-04-22 12:28:31,2023-05-19 15:39:00
931,12,Book model item perform amount someone age attack anything wall they follow result that single near former people.,2023-06-17,Suddenly staff west miss war decision have history surface.,2023-05-05,2023-05-01 16:07:14,2023-05-26 18:40:35
932,162,Keep spring power support political sign plant produce technology five tell this paper point.,2023-06-07,Item especially Congress support fast right very perform.,2023-05-10,2023-04-24 08:13:48,2023-05-09 12:44:47
933,136,Near morning build security prove body company industry college travel season throughout stand agent enough whose pull must son.,2023-06-04,Large cost partner next.,2023-05-14,2023-04-20 03:41:44,2023-05-10 15:27:14
934,120,Professor miss west act explain group common special oil against PM.,2023-06-27,Key with direction coach yourself brother piece you price along common green.,2023-05-29,2023-05-03 02:05:47,2023-05-06 09:16:13
935,27,Wish with quality opportunity weight enjoy police seat risk investment control western none music site lawyer design play.,2023-06-06,Ground woman deep provide arrive fund alone whole.,2023-05-24,2023-04-20 22:54:06,2023-05-29 21:18:54
936,49,Think reveal instead today.,2023-06-09,Relate safe language value.,2023-05-12,2023-05-02 09:34:53,2023-05-27 20:36:36
937,97,Rise fast collection scene center interesting policy above memory position view center get cold it she sport garden kid.,2023-06-16,Short finish why life practice pay property create enough.,2023-05-29,2023-04-21 03:44:24,2023-05-29 22:55:45
938,101,Third successful full decide join unit represent account common could.,2023-06-12,Maintain long word social production she among reflect quality table.,2023-05-08,2023-05-02 03:42:33,2023-05-18 09:25:48
939,83,Professor street maybe adult fall network month various move inside.,2023-06-26,Nearly sort morning foot second run.,2023-05-31,2023-04-27 16:28:32,2023-05-28 05:59:56
940,88,Where opportunity mean agreement camera appear debate woman approach call.,2023-06-09,Need part risk beat practice nice of we read.,2023-05-25,2023-04-29 15:02:12,2023-05-15 19:16:57
941,150,Base full life turn serious.,2023-06-11,Life clear.,2023-05-11,2023-04-22 09:58:40,2023-05-26 07:44:05
942,3,Watch race my certainly now read whatever listen try.,2023-05-31,Interest song main describe hundred else road.,2023-05-30,2023-04-29 17:44:01,2023-05-24 09:18:57
943,9,Week must guy heart sell season animal watch sell name.,2023-06-19,Recognize day friend day power card senior parent American name modern society key.,2023-05-26,2023-04-28 15:46:48,2023-05-09 13:23:55
944,11,Computer concern business single player age property us sell move television reflect ask.,2023-06-19,Only image page experience similar language magazine.,2023-05-06,2023-04-29 02:03:56,2023-05-23 14:57:10
945,6,Day law somebody move.,2023-06-27,Ground toward office goal name soon his official hotel.,2023-05-30,2023-04-22 05:18:21,2023-05-08 03:13:38
946,39,Decide affect mission rest including everything these.,2023-06-02,Make range than cold.,2023-05-25,2023-05-03 08:59:25,2023-05-26 14:56:02
947,167,Machine almost seven country bring tax draw.,2023-06-12,Third matter environmental to.,2023-05-11,2023-04-28 19:04:24,2023-05-17 05:35:58
948,101,Six agent campaign all and happen probably quickly list.,2023-06-04,Film that.,2023-05-30,2023-04-27 22:35:47,2023-05-04 02:01:11
949,118,Have magazine chance money director manage to way step shake total hour.,2023-06-11,Pretty center be.,2023-05-29,2023-05-02 16:52:45,2023-05-06 12:10:55
950,60,American drug there sign along these.,2023-06-04,Special really wall wait majority seven.,2023-05-07,2023-04-23 22:35:25,2023-05-23 03:19:08
951,165,Relationship clearly lawyer him whom decade year end choose bag.,2023-06-01,Senior score surface life want.,2023-05-26,2023-04-29 10:57:15,2023-05-26 05:58:37
952,134,Expect hard seem property fall such easy shoulder citizen.,2023-06-20,High scientist enough road off material food able anything.,2023-05-05,2023-05-02 17:23:51,2023-05-10 23:10:07
953,6,Subject former for task left for street avoid.,2023-06-14,Tax citizen prevent down central.,2023-05-13,2023-04-30 05:49:12,2023-05-31 05:13:25
954,39,Film card east southern candidate these picture moment near any apply worker visit your fight institution sometimes box.,2023-06-12,Suddenly look and defense.,2023-05-07,2023-05-03 07:51:18,2023-05-10 19:36:02
955,164,Conference try fish article catch.,2023-06-22,Control improve impact everyone relationship.,2023-05-13,2023-04-27 18:50:39,2023-05-27 11:58:02
956,89,Understand return compare who station line true rest wish allow much participant hour stuff loss drug both practice.,2023-06-23,Member maybe.,2023-05-31,2023-04-26 22:56:37,2023-05-27 09:43:32
957,178,Until manager few face home result model say teacher through today child program maybe see after write gas.,2023-06-03,Actually environmental yard recognize economic send.,2023-05-08,2023-05-02 01:03:31,2023-05-22 02:43:40
958,85,Street southern put director air best another how.,2023-06-17,Hear memory participant give one.,2023-05-31,2023-04-29 07:24:49,2023-05-19 14:09:35
959,115,Card almost pattern health.,2023-06-25,Shoulder letter effort party physical past poor woman.,2023-05-26,2023-04-28 21:44:56,2023-05-11 09:09:01
960,10,Election there professor marriage thank garden despite.,2023-06-06,People would no year treat political form.,2023-05-13,2023-05-01 02:19:10,2023-05-17 09:33:44
961,133,Between time ability answer seven sister country nothing wait.,2023-06-04,Teacher treat country need generation level.,2023-05-04,2023-04-27 23:44:49,2023-05-18 11:07:55
962,178,Seem memory sell simple information cover movie seven want call actually action service voice.,2023-06-14,Rock technology final feel piece itself hope defense paper.,2023-05-08,2023-04-26 19:00:25,2023-05-31 00:57:40
963,25,Even something best life available live keep kind southern staff ground their necessary new few.,2023-06-25,During hair nation certain heavy act look.,2023-05-04,2023-04-22 00:47:51,2023-05-22 12:05:44
964,95,Option offer cell simple maintain.,2023-06-15,Can remain ability economic only big arrive tell hand.,2023-05-11,2023-04-29 16:44:15,2023-05-14 10:58:42
965,131,Center tend single positive can father.,2023-06-27,Church certain consumer those be piece agent owner town gas.,2023-05-15,2023-04-27 09:46:29,2023-05-18 15:26:24
966,84,According imagine eight hospital.,2023-06-16,Suffer place quickly year avoid eight message.,2023-05-12,2023-04-30 17:40:02,2023-05-19 17:13:55
967,132,Outside last pattern.,2023-06-08,Skin far fire sort travel.,2023-05-11,2023-04-29 02:59:26,2023-05-14 12:26:57
968,78,Mrs cost during want trouble put threat key include for fast while strategy.,2023-06-13,Certainly region.,2023-05-29,2023-04-29 05:57:31,2023-05-28 22:03:11
969,12,Everyone the customer amount organization.,2023-06-14,Season away cut put go two word everybody else.,2023-05-21,2023-04-24 05:09:05,2023-05-04 03:56:20
970,142,Attorney break poor.,2023-06-19,Recent while quality final indicate.,2023-05-27,2023-04-19 20:05:48,2023-05-08 20:43:11
971,82,Its green amount home tax talk five they fire PM occur kitchen various reduce degree.,2023-06-21,Must standard.,2023-05-15,2023-05-01 15:20:51,2023-05-14 00:59:26
972,155,That manager story indeed site generation among society forward wife only recently there hear that.,2023-06-25,Easy leave add.,2023-05-12,2023-05-01 04:44:11,2023-05-07 21:12:48
973,176,West bank help hold have break prove.,2023-06-19,Create continue between discussion scientist.,2023-05-06,2023-04-21 06:15:02,2023-05-08 12:45:35
974,99,At create gas up throw unit after skin scientist avoid too real one whole hear police thought.,2023-06-23,Between about world ground hotel.,2023-05-04,2023-05-02 23:04:18,2023-05-09 14:49:52
975,22,Event drug debate material position talk pay unit best.,2023-06-24,Cell school each similar.,2023-05-27,2023-04-26 01:16:45,2023-05-21 06:28:43
976,149,Strong indicate education listen model people player reach election system likely bag at past.,2023-06-06,Per seven.,2023-05-24,2023-04-28 08:14:05,2023-05-12 00:05:08
977,171,Military decide lay star.,2023-06-02,Red task wall adult subject state.,2023-05-05,2023-05-02 19:22:37,2023-05-06 05:19:04
978,123,Relate government heavy ground gun race few you together toward.,2023-06-12,With strategy relate experience.,2023-05-26,2023-04-27 02:33:30,2023-05-09 15:58:07
979,146,Card chance person research relationship society gun conference discover.,2023-06-19,Floor boy knowledge manager our exist space instead but.,2023-05-05,2023-04-29 01:39:04,2023-05-22 16:58:38
980,102,Hospital total production certain piece although former majority factor.,2023-06-09,Enjoy.,2023-05-19,2023-04-24 20:09:41,2023-05-17 01:43:13
981,101,Whom here edge month community write current generation stage degree stuff worker.,2023-06-12,Exactly often drop body performance system energy simple entire if reach letter part.,2023-05-20,2023-04-26 11:39:39,2023-05-12 18:55:00
982,112,System because explain save discover alone rest hold mind run second mean daughter.,2023-06-06,Situation plant radio goal message little someone.,2023-05-13,2023-04-24 12:59:28,2023-05-27 18:25:18
983,12,Explain hope away rest hot town fall black mind term letter mission.,2023-06-15,Service old he member have arm.,2023-05-16,2023-04-30 17:47:42,2023-05-14 04:29:49
984,98,Network positive instead his then point set detail attack of dark everything free fine society hard.,2023-06-24,Operation respond couple with bag partner film kind traditional interview man produce.,2023-05-24,2023-04-28 13:35:45,2023-05-16 05:21:02
985,148,Choose good feeling along approach bill.,2023-06-04,Response section.,2023-05-03,2023-04-27 23:23:16,2023-05-21 08:51:04
986,113,Floor miss act practice shoulder play series hospital care respond then.,2023-06-07,Drive theory.,2023-05-28,2023-04-28 14:22:34,2023-05-29 02:08:36
987,12,Toward involve control three entire box television network sport.,2023-06-01,Night make total rest agree produce government land.,2023-05-16,2023-04-23 15:26:12,2023-05-31 06:53:18
988,26,Free rise forward church foot group indicate stand put.,2023-06-07,Only account pass produce soldier western laugh enough project lot score.,2023-05-18,2023-04-24 13:21:58,2023-05-13 19:31:57
989,98,Word billion between green Mr customer arm box.,2023-06-02,Detail happy soldier help worry month career.,2023-05-09,2023-05-03 00:05:10,2023-05-17 05:32:47
990,96,Edge group suddenly born card soldier service chance fire if care require deep across.,2023-06-05,So step order hot lead hospital run style model form.,2023-05-10,2023-05-02 23:44:41,2023-05-26 07:22:29
991,46,Mention easy concern matter fall hair.,2023-06-13,Administration decade describe list exactly song.,2023-05-07,2023-04-30 06:07:20,2023-05-20 05:09:23
992,7,Serious someone officer community ground election other gas increase.,2023-06-08,Thousand local question history form would whose federal who.,2023-05-25,2023-04-20 08:28:15,2023-05-08 13:24:46
993,90,Again me forward relate respond.,2023-06-02,Answer already also woman area member machine she that.,2023-05-11,2023-04-22 11:42:47,2023-05-25 19:31:56
994,89,Often might wait space again else task radio successful interest whatever total security must think little special learn his.,2023-06-23,Economic skin eye well.,2023-05-24,2023-05-01 01:56:44,2023-05-28 20:48:32
995,39,Find now Republican bill there shake.,2023-06-03,Land everyone career thank.,2023-05-07,2023-04-29 07:23:02,2023-05-16 11:52:19
996,52,Institution west teach way local from investment.,2023-06-27,Else.,2023-05-10,2023-05-03 12:56:09,2023-05-03 18:58:47
997,17,Visit large laugh indicate buy happy herself great.,2023-06-10,Every course bit political relate toward.,2023-05-13,2023-04-28 14:24:03,2023-05-10 09:04:05
998,152,Carry then cold fire determine new girl yes.,2023-06-08,Magazine early throughout small fine agree traditional join state bring.,2023-05-19,2023-04-22 16:18:50,2023-05-13 07:32:35
999,4,The tend study agree never half TV least kid particularly suddenly partner authority candidate cause.,2023-06-05,Material mission boy feeling professional far place finally for some commercial task system current.,2023-05-14,2023-04-27 19:58:24,2023-05-19 13:12:18
1000,91,First must close.,2023-06-25,Improve take side professional large radio.,2023-05-14,2023-04-25 21:52:02,2023-05-21 07:02:59
